dirname,UUID_Part,x_dims,y_dims,z_dims,area,volume,va_ratio
H:\\My Drive\\CAD Repository\\Washers\\STEP,S_Shettigar_SleeveWasher27,10.1346,17.475199999999997,10.1346,780.0001579487332,318.66602311965323,0.408546100756813
H:\\My Drive\\CAD Repository\\Washers\\STEP,S_Shettigar_SleeveWasher65,9.524999999999999,1.778,9.524999999999999,181.26852015738058,76.07418281321702,0.4196767466693503
H:\\My Drive\\CAD Repository\\Washers\\STEP,S_Shettigar_SleeveWasher23,9.524999999999999,2.54,9.524999999999999,210.43460265423255,91.7483628800568,0.43599465925672676
H:\\My Drive\\CAD Repository\\Washers\\STEP,S_Shettigar_SleeveWasher6,5.968999999999999,7.543799999999999,5.968999999999999,207.64872493415453,50.50333175865593,0.24321522693997064
H:\\My Drive\\CAD Repository\\Washers\\STEP,S_Shettigar_SleeveWasher46,7.924799999999999,3.175,7.924799999999999,168.8602674092411,78.07548673229849,0.46236742325581387
H:\\My Drive\\CAD Repository\\Washers\\STEP,S_Shettigar_SleeveWasher9,7.1374,2.032,7.1374,122.66070629504767,43.32784309349646,0.35323327577517616
H:\\My Drive\\CAD Repository\\Washers\\STEP,S_Shettigar_SleeveWasher22,9.524999999999999,2.54,9.524999999999999,210.43460265423255,91.7483628800568,0.43599465925672676
H:\\My Drive\\CAD Repository\\Washers\\STEP,S_Shettigar_SleeveWasher56,15.875,11.8872,15.875,1012.7055677242589,1441.9029411530487,1.423812593815671
H:\\My Drive\\CAD Repository\\Washers\\STEP,S_Shettigar_SleeveWasher45,19.049999999999997,3.0479999999999996,19.049999999999997,665.4842676726983,398.5052653525138,0.5988199642136524
H:\\My Drive\\CAD Repository\\Washers\\STEP,S_Shettigar_SleeveWasher28,10.1346,20.650199999999998,10.1346,896.5428781411576,363.06879951296696,0.40496534896996084
H:\\My Drive\\CAD Repository\\Washers\\STEP,S_Shettigar_SleeveWasher47,5.08,1.5239999999999998,5.08,61.54975748597305,12.373316280870712,0.20102948876265747
H:\\My Drive\\CAD Repository\\Washers\\STEP,S_Shettigar_SleeveWasher10,7.1374,2.032,7.1374,122.66070629504767,43.32784309349646,0.35323327577517616
H:\\My Drive\\CAD Repository\\Washers\\STEP,S_Shettigar_SleeveWasher37,14.2748,3.0479999999999996,14.2748,428.7596541729714,248.0910533757131,0.5786249964546046
H:\\My Drive\\CAD Repository\\Washers\\STEP,S_Shettigar_SleeveWasher16,8.331199999999999,2.032,8.331199999999999,155.36462041095834,57.90430930567367,0.3726994546925144
H:\\My Drive\\CAD Repository\\Washers\\STEP,S_Shettigar_SleeveWasher2,4.5973999999999995,10.7188,4.5973999999999995,210.42041484481786,45.32387016089061,0.2153967341729477
H:\\My Drive\\CAD Repository\\Washers\\STEP,S_Shettigar_SleeveWasher40,15.748,11.1252,15.748,922.6535145390517,359.93276655519173,0.3901061025438249
H:\\My Drive\\CAD Repository\\Washers\\STEP,S_Shettigar_SleeveWasher49,9.524999999999999,2.3876,9.524999999999999,207.17850039355204,94.80335111813656,0.4575926118687511
H:\\My Drive\\CAD Repository\\Washers\\STEP,S_Shettigar_SleeveWasher30,11.0998,2.54,11.0998,266.0903387433435,121.70736657557445,0.45739115200633745
H:\\My Drive\\CAD Repository\\Washers\\STEP,S_Shettigar_SleeveWasher0,4.5973999999999995,4.368799999999999,4.5973999999999995,104.01184423434333,25.053037459595213,0.24086715935109854
H:\\My Drive\\CAD Repository\\Washers\\STEP,S_Shettigar_SleeveWasher19,8.737599999999999,14.300199999999998,8.737599999999999,538.6797076135916,149.52333783791104,0.2775737339360997
H:\\My Drive\\CAD Repository\\Washers\\STEP,S_Shettigar_SleeveWasher50,9.524999999999999,1.6256,9.524999999999999,170.46450328806372,53.38876574276313,0.31319579568153716
H:\\My Drive\\CAD Repository\\Washers\\STEP,S_Shettigar_SleeveWasher25,10.1346,11.1252,10.1346,546.9147175638843,229.8604703330258,0.4202857647658314
H:\\My Drive\\CAD Repository\\Washers\\STEP,S_Shettigar_SleeveWasher35,13.030199999999999,17.475199999999997,13.030199999999999,1021.4888351669347,397.8340369475163,0.3894648901204105
H:\\My Drive\\CAD Repository\\Washers\\STEP,S_Shettigar_SleeveWasher62,6.35,1.397,6.35,87.25908156042189,25.738423271558446,0.2949655532844002
H:\\My Drive\\CAD Repository\\Washers\\STEP,S_Shettigar_SleeveWasher58,19.049999999999997,11.8872,19.049999999999997,1287.7463873783806,2042.0257696636374,1.5857359722987332
H:\\My Drive\\CAD Repository\\Washers\\STEP,S_Shettigar_SleeveWasher1,4.5973999999999995,7.543799999999999,4.5973999999999995,157.2161295395806,35.188453810242905,0.22382216069874616
H:\\My Drive\\CAD Repository\\Washers\\STEP,S_Shettigar_SleeveWasher4,6.35,2.032,6.35,102.5687413338737,35.7991914763855,0.3490263311300154
H:\\My Drive\\CAD Repository\\Washers\\STEP,S_Shettigar_SleeveWasher14,7.365999999999999,13.8938,7.365999999999999,420.4861344542676,98.86374691746069,0.23511773353899543
H:\\My Drive\\CAD Repository\\Washers\\STEP,S_Shettigar_SleeveWasher15,8.331199999999999,2.032,8.331199999999999,155.36462041095834,57.90430930567367,0.3726994546925144
H:\\My Drive\\CAD Repository\\Washers\\STEP,S_Shettigar_SleeveWasher55,15.875,4.7498,15.875,640.5228438373977,686.2620524914624,1.0714091762598807
H:\\My Drive\\CAD Repository\\Washers\\STEP,S_Shettigar_SleeveWasher59,22.224999999999998,6.35,22.224999999999998,1246.9381938417846,1907.176313868199,1.5294874463603025
H:\\My Drive\\CAD Repository\\Washers\\STEP,S_Shettigar_SleeveWasher44,19.049999999999997,3.0479999999999996,19.049999999999997,665.4842676726983,398.5052653525138,0.5988199642136524
H:\\My Drive\\CAD Repository\\Washers\\STEP,S_Shettigar_SleeveWasher33,13.030199999999999,11.1252,13.030199999999999,731.652157123166,302.1299658574641,0.41294208308690006
H:\\My Drive\\CAD Repository\\Washers\\STEP,S_Shettigar_SleeveWasher63,7.9502,1.778,7.9502,135.68106167793698,45.627520799571045,0.3362851103559025
H:\\My Drive\\CAD Repository\\Washers\\STEP,S_Shettigar_SleeveWasher31,13.030199999999999,4.7752,13.030199999999999,441.8154790793974,206.4258947674117,0.4672219615246108
H:\\My Drive\\CAD Repository\\Washers\\STEP,S_Shettigar_SleeveWasher54,12.7,11.0998,12.7,695.3040028175865,729.2062041154408,1.048758817956566
H:\\My Drive\\CAD Repository\\Washers\\STEP,S_Shettigar_SleeveWasher64,9.524999999999999,1.778,9.524999999999999,183.10482806162992,70.33399780700894,0.3841187507264185
H:\\My Drive\\CAD Repository\\Washers\\STEP,S_Shettigar_SleeveWasher18,8.737599999999999,11.1252,8.737599999999999,442.9119940641645,130.06333844466755,0.2936550379934514
H:\\My Drive\\CAD Repository\\Washers\\STEP,S_Shettigar_SleeveWasher3,6.35,2.032,6.35,102.5687413338737,35.7991914763855,0.3490263311300154
H:\\My Drive\\CAD Repository\\Washers\\STEP,S_Shettigar_SleeveWasher36,13.030199999999999,20.650199999999998,13.030199999999999,1166.4071741888192,445.68607249254245,0.38210162141920634
H:\\My Drive\\CAD Repository\\Washers\\STEP,S_Shettigar_SleeveWasher21,8.737599999999999,20.650199999999998,8.737599999999999,730.2151347124457,188.44333662439814,0.2580655038033497
H:\\My Drive\\CAD Repository\\Washers\\STEP,S_Shettigar_SleeveWasher11,7.365999999999999,4.368799999999999,7.365999999999999,184.86715667393102,53.978331650306565,0.2919844315316302
H:\\My Drive\\CAD Repository\\Washers\\STEP,S_Shettigar_SleeveWasher34,13.030199999999999,14.300199999999998,13.030199999999999,876.5704961450504,349.98200140249014,0.39926281222289384
H:\\My Drive\\CAD Repository\\Washers\\STEP,S_Shettigar_SleeveWasher51,13.843,2.3876,13.843,368.54355077198295,178.52425832256085,0.4844047818734275
H:\\My Drive\\CAD Repository\\Washers\\STEP,S_Shettigar_SleeveWasher57,19.049999999999997,5.5371999999999995,19.049999999999997,913.8286970830893,1191.918373206745,1.3043126977860386
H:\\My Drive\\CAD Repository\\Washers\\STEP,S_Shettigar_SleeveWasher48,7.924799999999999,1.5748,7.924799999999999,125.70601824442362,30.728046912279908,0.24444372148143367
H:\\My Drive\\CAD Repository\\Washers\\STEP,S_Shettigar_SleeveWasher13,7.365999999999999,10.7188,7.365999999999999,341.94647519415537,83.90194182840936,0.24536571631794213
H:\\My Drive\\CAD Repository\\Washers\\STEP,S_Shettigar_SleeveWasher5,5.968999999999999,4.368799999999999,5.968999999999999,141.77675265147985,37.954721038806404,0.2677076483202286
H:\\My Drive\\CAD Repository\\Washers\\STEP,S_Shettigar_SleeveWasher26,10.1346,14.300199999999998,10.1346,663.4574377563088,274.2632467263394,0.4133848399587581
H:\\My Drive\\CAD Repository\\Washers\\STEP,S_Shettigar_SleeveWasher53,12.7,4.7498,12.7,449.39278272182156,411.0549314427009,0.9146896595737004
H:\\My Drive\\CAD Repository\\Washers\\STEP,S_Shettigar_SleeveWasher32,13.030199999999999,7.9502,13.030199999999999,586.7338181012817,254.2779303124379,0.43337868462278506
H:\\My Drive\\CAD Repository\\Washers\\STEP,S_Shettigar_SleeveWasher12,7.365999999999999,7.543799999999999,7.365999999999999,263.4068159340432,68.94013673935797,0.2617249538319483
H:\\My Drive\\CAD Repository\\Washers\\STEP,S_Shettigar_SleeveWasher52,19.049999999999997,3.0479999999999996,19.049999999999997,665.4842676726983,398.5052653525138,0.5988199642136524
H:\\My Drive\\CAD Repository\\Washers\\STEP,S_Shettigar_SleeveWasher43,15.875,7.9502,15.875,757.3199311843291,321.2209460029543,0.42415488194086653
H:\\My Drive\\CAD Repository\\Washers\\STEP,S_Shettigar_SleeveWasher61,6.35,1.397,6.35,88.1671013629646,26.029036225460192,0.295223908045977
H:\\My Drive\\CAD Repository\\Washers\\STEP,S_Shettigar_SleeveWasher41,15.748,14.300199999999998,15.748,1094.934057432201,403.69202445005163,0.36869071859612745
H:\\My Drive\\CAD Repository\\Washers\\STEP,S_Shettigar_SleeveWasher17,8.737599999999999,7.9502,8.737599999999999,347.14428051473743,110.60333905142394,0.31860913533538243
H:\\My Drive\\CAD Repository\\Washers\\STEP,S_Shettigar_SleeveWasher20,8.737599999999999,17.475199999999997,8.737599999999999,634.4474211630186,168.98333723115465,0.2663472678656142
H:\\My Drive\\CAD Repository\\Washers\\STEP,S_Shettigar_SleeveWasher42,15.748,17.475199999999997,15.748,1267.21460032535,447.4512823449112,0.3530982694091677
H:\\My Drive\\CAD Repository\\Washers\\STEP,S_Shettigar_SleeveWasher24,10.1346,7.9502,10.1346,430.37199737145977,185.45769393971202,0.4309241657738271
H:\\My Drive\\CAD Repository\\Washers\\STEP,S_Shettigar_SleeveWasher7,5.968999999999999,10.7188,5.968999999999999,273.5206972168292,63.05194247850547,0.23051982215635416
H:\\My Drive\\CAD Repository\\Washers\\STEP,S_Shettigar_SleeveWasher29,11.0998,2.54,11.0998,266.0903387433435,121.70736657557445,0.45739115200633745
H:\\My Drive\\CAD Repository\\Washers\\STEP,S_Shettigar_SleeveWasher39,15.748,4.7752,15.748,578.0924287527532,272.41425076547193,0.47122957716850145
H:\\My Drive\\CAD Repository\\Washers\\STEP,S_Shettigar_SleeveWasher66,12.7,1.778,12.7,283.5170223644647,108.16516329411223,0.3815120601649962
H:\\My Drive\\CAD Repository\\Washers\\STEP,S_Shettigar_SleeveWasher60,22.224999999999998,12.7,22.224999999999998,1717.1303051656002,3143.021568668281,1.8303919971671385
H:\\My Drive\\CAD Repository\\Washers\\STEP,S_Shettigar_SleeveWasher67,15.875,2.54,15.875,437.9827437075041,214.11482110174768,0.4888658838229
H:\\My Drive\\CAD Repository\\Washers\\STEP,S_Shettigar_SleeveWasher38,14.2748,3.0479999999999996,14.2748,428.7596541729714,248.0910533757131,0.5786249964546046
H:\\My Drive\\CAD Repository\\Washers\\STEP,S_Shettigar_SleeveWasher8,5.968999999999999,13.8938,5.968999999999999,339.392669499504,75.60055319835499,0.22275246342191687
H:\\My Drive\\CAD Repository\\Washers\\STEP,e9e7b07a-4491-4e3b-bb7c-b25d7d2816c5,19.049999999999997,1.27,19.049999999999997,560.9900379182542,285.8277503472434,0.5095059288537551
H:\\My Drive\\CAD Repository\\Washers\\STEP,fe7ba6f2-c021-46dc-8f94-f16296813f83,9.524999999999999,0.8000999999999999,9.524999999999999,155.30786917329937,48.95162847370421,0.31519090909090913
H:\\My Drive\\CAD Repository\\Washers\\STEP,fe8713a3-b065-4fd7-a224-9d14fb0d2859,38.099999999999994,1.9811999999999999,38.099999999999994,2146.396666817668,1783.5651621667985,0.8309578512396696
H:\\My Drive\\CAD Repository\\Washers\\STEP,b0b49164-3f8a-47e0-a8b9-020a5bba3d3a,76.19999999999999,4.1655999999999995,76.19999999999999,7982.036241353102,13422.991479623657,1.6816500293599534
H:\\My Drive\\CAD Repository\\Washers\\STEP,cf32435f-8e3c-436e-8ae1-f441e4c0ea0a,107.94999999999999,4.648199999999999,107.94999999999999,16569.33456648817,33121.09271729515,1.9989392201834864
H:\\My Drive\\CAD Repository\\Washers\\STEP,e4547661-f356-47ea-8cf2-06ad8af07c59,114.3,6.223,114.3,18219.300795299405,46066.87501040915,2.5284655831739955
H:\\My Drive\\CAD Repository\\Washers\\STEP,22393605-9b85-43bc-8fc6-ded1486bf095,3.9623999999999997,0.635,3.9623999999999997,31.81312236765729,6.593490535157859,0.20725694444444442
H:\\My Drive\\CAD Repository\\Washers\\STEP,52a8ba90-dcfc-43aa-aff5-57fcbdb87f69,9.524999999999999,1.0287,9.524999999999999,161.4370028404627,60.61563936002416,0.3754755000000001
H:\\My Drive\\CAD Repository\\Washers\\STEP,4c1b8ef6-87ef-45b6-8c9c-0414903668e3,28.575,1.5748,28.575,1233.452680993084,810.4311089902822,0.6570427236315085
H:\\My Drive\\CAD Repository\\Washers\\STEP,6eaaf9b9-14d6-483a-b493-93eceaaab3d0,47.625,2.6542999999999997,47.625,3463.714502676179,3841.5655899897592,1.1090884040880507
H:\\My Drive\\CAD Repository\\Washers\\STEP,d376a499-f55f-481d-9e9d-238555f7b760,29.667199999999998,2.4765,29.667199999999998,1368.098032583745,1261.6661835783275,0.9222045157068066
H:\\My Drive\\CAD Repository\\Washers\\STEP,7d13fee0-f70f-472c-b5cf-afedca18bdea,17.475199999999997,1.6637,17.475199999999997,496.77601250718664,299.2750217798137,0.6024345263157895
H:\\My Drive\\CAD Repository\\Washers\\STEP,96ea7e95-e397-4474-996f-5564cb87cf1c,18.6436,1.6637,18.6436,586.1977215883967,372.114391545743,0.6347933092224232
H:\\My Drive\\CAD Repository\\Washers\\STEP,6957f979-4959-4ece-85c2-f4f6bc9c4f0b,9.524999999999999,0.8255,9.524999999999999,148.56257921155347,46.44700943142705,0.3126427238805971
H:\\My Drive\\CAD Repository\\Washers\\STEP,371a89d6-e376-4cf7-b3d0-f8a355f8a6e2,11.1252,0.7874,11.1252,192.93089949628865,60.10057358904672,0.31151346801346796
H:\\My Drive\\CAD Repository\\Washers\\STEP,e0f87e0a-97e2-4431-b990-2be42c06d40c,17.475199999999997,1.6637,17.475199999999997,496.77601250718664,299.2750217798137,0.6024345263157895
H:\\My Drive\\CAD Repository\\Washers\\STEP,eadbc9da-2ac7-4d89-8928-150436a4bb37,20.6248,1.6637,20.6248,662.8402680467678,416.8748097797575,0.6289219739292365
H:\\My Drive\\CAD Repository\\Washers\\STEP,eb3ec75e-c647-43f4-88bd-df4606e9f058,31.039328170904863,2.0511370379949767e-14,31.039328170904863,472.02084579690677,209.81326595672488,0.4444999999999996
H:\\My Drive\\CAD Repository\\Washers\\STEP,a0db7eb3-2d99-4744-bf9c-918a8ac0edd3,17.856199999999998,1.6129,17.856199999999998,512.8001298261657,304.3573249546825,0.5935203742203744
H:\\My Drive\\CAD Repository\\Washers\\STEP,3b259cd2-b2f7-464c-9558-a1fc0378168b,76.5048,3.9751,76.5048,7952.786045414723,12875.604187663244,1.6190054798578208
H:\\My Drive\\CAD Repository\\Washers\\STEP,e6f69275-b799-4efb-9129-91161c5aad1a,3.175,0.3683,3.175,17.4347909407867,2.1985745147824987,0.12610271739130435
H:\\My Drive\\CAD Repository\\Washers\\STEP,dcf71d5b-3e7b-48b4-8655-36ad67eb2079,23.4188,1.6637,23.4188,823.2415607999556,531.1995069095954,0.6452535102739726
H:\\My Drive\\CAD Repository\\Washers\\STEP,a1c24712-31a8-4a74-b249-9674a11e9ac5,12.7,1.016,12.7,257.3709164430338,100.51450056969443,0.3905433526011561
H:\\My Drive\\CAD Repository\\Washers\\STEP,d45e0bf0-a3d2-4ffa-88a9-029da0e9cc88,7.1374,0.635,7.1374,85.74605302783675,20.773098889338605,0.2422630331753555
H:\\My Drive\\CAD Repository\\Washers\\STEP,fe978234-1ee9-4cf6-9406-65472441d44a,11.1252,1.2827,11.1252,222.67361510435356,101.71775145810338,0.45680199430199425
H:\\My Drive\\CAD Repository\\Washers\\STEP,0175bf42-23a1-4b7d-a6c3-af5b3b760d51,25.4,2.1336,25.4,1063.8222182156146,873.7064038692309,0.8212898630136984
H:\\My Drive\\CAD Repository\\Washers\\STEP,4c9f0150-f926-4bc5-8dc1-13ff002ede33,88.89999999999999,3.7591999999999994,88.89999999999999,11275.634855486838,18304.079290395894,1.6233302625518193
H:\\My Drive\\CAD Repository\\Washers\\STEP,0f776b2a-467e-4758-ba8c-a0b980ed9197,69.85,3.7591999999999994,69.85,7280.3730596728465,11428.888532539877,1.5698218262806232
H:\\My Drive\\CAD Repository\\Washers\\STEP,f63b275e-f7f5-4598-b9f5-4794c3514593,63.5,3.175,63.5,5837.9349594157475,7784.411609136443,1.333418693982075
H:\\My Drive\\CAD Repository\\Washers\\STEP,d4f521f4-18af-4a6b-9acd-3d0a37843519,127.0,6.8326,127.0,21252.451765177022,57936.57371438993,2.7261124671423222
H:\\My Drive\\CAD Repository\\Washers\\STEP,db1e7dcc-1fcf-48ad-b9ff-ae87e6413932,38.099999999999994,1.9685,38.099999999999994,2144.1793148891375,1772.1320521529087,0.826485005170631
H:\\My Drive\\CAD Repository\\Washers\\STEP,362ce1ae-a168-4748-ba15-e7a636b01580,38.099999999999994,2.3114,38.099999999999994,2276.2566729757327,2177.706818673887,0.9567052980132454
H:\\My Drive\\CAD Repository\\Washers\\STEP,81825ed4-9d7b-473f-9e04-1a5e8ca35d4c,9.524999999999999,0.8128,9.524999999999999,148.0082412294208,45.73244005555894,0.30898576779026227
H:\\My Drive\\CAD Repository\\Washers\\STEP,b4ac0447-844e-46b5-8544-f75fa475ecca,12.827,1.2827,12.827,283.25961496508313,134.01005026605492,0.47309974025974044
H:\\My Drive\\CAD Repository\\Washers\\STEP,1dc28ac1-f866-487b-b060-67a4df71f3ce,33.324799999999996,3.7972999999999995,33.324799999999996,1870.7640128279604,2401.302147350406,1.2835943661971838
H:\\My Drive\\CAD Repository\\Washers\\STEP,840eeff6-7f65-4524-9423-bb91758fe24c,50.8,2.2859999999999996,50.8,3697.947128793705,3614.1805873110297,0.9773478260869565
H:\\My Drive\\CAD Repository\\Washers\\STEP,2021a616-5820-4841-bc95-3b9a9b933764,41.34911387868992,2.017830347256222e-14,41.34911387868992,639.1670376513372,284.10974823602015,0.4445000000000012
H:\\My Drive\\CAD Repository\\Washers\\STEP,bb312c4f-1296-4b80-9397-9171de64b030,50.8,2.7051,50.8,3796.201762650543,4276.780361651387,1.1265945882352941
H:\\My Drive\\CAD Repository\\Washers\\STEP,6e1717b5-b801-4c46-bb72-fe97e445421c,88.89999999999999,3.556,88.89999999999999,10594.256187609808,16156.58521476147,1.5250325203252038
H:\\My Drive\\CAD Repository\\Washers\\STEP,7f1c2e99-fc6f-4b29-b931-db72bebe9e01,88.89999999999999,3.556,88.89999999999999,10594.256187609808,16156.58521476147,1.5250325203252038
H:\\My Drive\\CAD Repository\\Washers\\STEP,3b4c3dae-d0a1-4ccf-a80f-19ddefc55d9e,38.099999999999994,1.8541999999999998,38.099999999999994,2134.130292163676,1679.5163550406357,0.7869792960662526
H:\\My Drive\\CAD Repository\\Washers\\STEP,50a72e25-b08c-45f7-908f-1142e87fcb38,28.575,2.0574,28.575,1296.0310546616247,1058.789029487304,0.8169472681067345
H:\\My Drive\\CAD Repository\\Washers\\STEP,1d32ee0f-839a-429b-8028-b46705f0710e,88.89999999999999,4.0005,88.89999999999999,11557.679385917045,19886.003104960917,1.7205878828229029
H:\\My Drive\\CAD Repository\\Washers\\STEP,97db4341-bb6b-4835-bf80-4f24b6db4cd4,20.6248,1.5239999999999998,20.6248,649.2625344368712,381.8700547600831,0.5881596958174905
H:\\My Drive\\CAD Repository\\Washers\\STEP,c9f08dbf-f81f-4685-8aa0-67d223ed5ef6,69.85,3.175,69.85,6948.637753597464,9397.229845886333,1.3523844786729857
H:\\My Drive\\CAD Repository\\Washers\\STEP,a99f5aaa-a59e-4ae2-b44b-dd2e125fc0ea,17.475199999999997,1.016,17.475199999999997,488.0444292273786,208.88301570931804,0.428
H:\\My Drive\\CAD Repository\\Washers\\STEP,a53df01e-29d0-495a-8ab5-40c5c1948eff,31.75,1.9811999999999999,31.75,1549.8438711864355,1251.504067645179,0.8075033175355453
H:\\My Drive\\CAD Repository\\Washers\\STEP,21f0fba4-be43-4ea3-a464-05d39f84072a,19.052483987986776,2.2593038551121936e-14,19.052483987986776,386.9513934854717,253.08555890917265,0.6540499999999997
H:\\My Drive\\CAD Repository\\Washers\\STEP,bdfb59ca-6786-49a1-9113-336fc7283f2c,22.224999999999998,1.5748,22.224999999999998,779.3860284840666,488.3221975520512,0.6265472817133444
H:\\My Drive\\CAD Repository\\Washers\\STEP,633af3b0-a060-4a5b-8f41-4623ab0258a4,9.524999999999999,0.8128,9.524999999999999,154.46876158791392,49.016958471667245,0.31732602739726035
H:\\My Drive\\CAD Repository\\Washers\\STEP,955e833c-a407-46ea-b40b-30d758a239cd,34.925,2.7685999999999997,34.925,2023.8373020184406,2209.213535839666,1.0915964112512124
H:\\My Drive\\CAD Repository\\Washers\\STEP,b83d5595-fd26-41df-b879-100741ae3fac,7.924799999999999,0.7874,7.924799999999999,110.27272184607202,32.60436666859169,0.295670281124498
H:\\My Drive\\CAD Repository\\Washers\\STEP,b9c7b614-230f-46f5-96bd-c582316ca7eb,3.9039721880146065,1.2700000000000193,3.9039721880146065,29.290380286871322,9.299695741081644,0.31749999999999995
H:\\My Drive\\CAD Repository\\Washers\\STEP,a68f5fee-054d-4f7a-872e-4fd0929a6d6b,43.273607210809786,2.1094237467877974e-14,43.273607210809786,1270.0881965045173,1121.0433466447098,0.882649999999998
H:\\My Drive\\CAD Repository\\Washers\\STEP,8224949c-b04c-4109-a964-f6123cd2aec3,184.00905531254762,1.9539925233402755e-14,184.00905531254762,4322.05031028689,2826.837005443141,0.6540500000000002
H:\\My Drive\\CAD Repository\\Washers\\STEP,f7ec7c1f-f618-42e5-9cc5-ab33b7aea4a6,52.0987837766738,2.1621593404574924e-14,52.0987837766738,2253.1306661977,3004.549743374631,1.333499999999999
H:\\My Drive\\CAD Repository\\Washers\\STEP,ad7d6373-07c1-49c1-a7cd-b9b193fc94ae,36.62035883405252,5.334000000000019,36.62035883405252,1500.3042180853527,2000.6556748168166,1.3334999999999992
H:\\My Drive\\CAD Repository\\Washers\\STEP,1b4a1fa2-1d2f-4f2e-b551-fe90ec9fa13f,2.7685999999999997,0.38099999999999995,2.7685999999999997,14.340835073417376,1.8110541101985902,0.12628651685393252
H:\\My Drive\\CAD Repository\\Washers\\STEP,49f71174-5dfa-446d-8e05-8dd897152a18,19.049999999999997,1.5748,19.049999999999997,587.5982610606219,354.42641043058177,0.6031781132075473
H:\\My Drive\\CAD Repository\\Washers\\STEP,3baf3f61-896d-4faf-bd92-8bd2a5d14eaa,19.049999999999997,1.6129,19.049999999999997,608.0793773657429,380.1573431468182,0.6251771681415931
H:\\My Drive\\CAD Repository\\Washers\\STEP,95ff5a70-692b-4672-8dda-b439f0901bc2,63.5,3.7591999999999994,63.5,6259.365596611053,9756.758328380056,1.558745559400231
H:\\My Drive\\CAD Repository\\Washers\\STEP,9f78b434-1c3d-4d14-b431-29acb3c8140c,247.76477012949036,1.9539925233402755e-14,247.76477012949036,7853.30492514605,6931.719592180132,0.8826499999999964
H:\\My Drive\\CAD Repository\\Washers\\STEP,ce91583b-aa9a-4b52-ab33-732bc37f353d,134.35712734385478,1.9789725413943415e-14,134.35712734385478,4202.354534497177,3709.20822987392,0.8826499999999968
H:\\My Drive\\CAD Repository\\Washers\\STEP,783ca628-580f-48a0-bdf6-69810265aed6,75.71506623797343,1.9734214262712158e-14,75.71506623797343,1196.3210104994348,531.7646891669995,0.44450000000000056
H:\\My Drive\\CAD Repository\\Washers\\STEP,900af67c-f83d-4f7a-a638-d9a2dc12903d,74.03800776284038,1.9984014443252818e-14,74.03800776284038,1698.6510324192775,1111.0027077538302,0.654050000000001
H:\\My Drive\\CAD Repository\\Washers\\STEP,7bd20542-e7dc-451f-90c1-688951b4fc86,19.049999999999997,1.5748,19.049999999999997,587.5982610606219,354.42641043058177,0.6031781132075473
H:\\My Drive\\CAD Repository\\Washers\\STEP,167f049f-e39e-4ca1-b8c1-560598ebf723,25.4,1.2827,25.4,1031.0564857872537,573.0407643549985,0.5557801849405549
H:\\My Drive\\CAD Repository\\Washers\\STEP,22e3e724-a4a4-4651-92f3-e6d681b32c71,26.9748,2.4765,26.9748,1172.0326406217594,1061.4656481538477,0.9056621900826446
H:\\My Drive\\CAD Repository\\Washers\\STEP,b3486cdc-9913-412b-81f3-0f3ffbaadf52,44.449999999999996,2.3621999999999996,44.449999999999996,3083.4406737630884,3099.075793371829,1.0050706730769232
H:\\My Drive\\CAD Repository\\Washers\\STEP,986dcf3b-f516-4f2a-b84d-e651c95a3d0d,46.54524587541358,2.0483614804334138e-14,46.54524587541358,1042.8012129523709,682.0441333314965,0.6540499999999984
H:\\My Drive\\CAD Repository\\Washers\\STEP,b48e27bf-f583-4c0a-98b0-88e9b212d85d,12.179293516130075,2.6162000000000187,12.179293516130075,222.98893861874643,145.84591530359108,0.6540499999999999
H:\\My Drive\\CAD Repository\\Washers\\STEP,ee3e87b7-cd27-4f14-b72c-86aa26722b85,89.68138927678625,2.0095036745715333e-14,89.68138927678625,2764.101350302166,2439.7340568441987,0.882649999999997
H:\\My Drive\\CAD Repository\\Washers\\STEP,43a143e3-3a12-4f6e-80cb-51e333324226,9.594973898711956,2.6162000000000187,9.594973898711956,161.33905558885772,105.52380930789235,0.6540499999999998
H:\\My Drive\\CAD Repository\\Washers\\STEP,8c395ae8-943e-41fe-8835-ebbc5f5a6ba1,113.95749802338412,2.0261570199409107e-14,113.95749802338412,5261.762119577417,7016.55978645648,1.3334999999999988
H:\\My Drive\\CAD Repository\\Washers\\STEP,975a68f2-5c03-45e0-9693-7b2ba155bb33,6.62575561486986,1.7780000000000193,6.62575561486986,76.21866348561952,33.87919591935786,0.44449999999999984
H:\\My Drive\\CAD Repository\\Washers\\STEP,46fc096c-f42e-45d4-8272-a42e585b378d,4.123914283114021,1.0160000000000193,4.123914283114021,28.01688549178997,7.116288914914649,0.2539999999999999
H:\\My Drive\\CAD Repository\\Washers\\STEP,864f047f-3335-4971-8088-4664a5f7dac7,120.61074640014141,1.9845236565174673e-14,120.61074640014141,3759.8150932064204,3318.600792018646,0.8826499999999998
H:\\My Drive\\CAD Repository\\Washers\\STEP,5addb137-e533-4098-82ef-3b325b1ef622,154.97669875942495,1.970645868709653e-14,154.97669875942495,4866.163696433357,4295.119386656913,0.8826500000000022
H:\\My Drive\\CAD Repository\\Washers\\STEP,3c5262ea-67aa-4acc-bc9b-dc4774fb130b,40.05695406998086,2.245426067304379e-14,40.05695406998086,1667.4504099397814,2223.5451216546967,1.333499999999999
H:\\My Drive\\CAD Repository\\Washers\\STEP,02744be5-e7bd-4082-a293-029f9b4beb0f,53.41843634727027,2.0317081350640365e-14,53.41843634727027,1206.763667819096,789.2837769370774,0.654049999999998
H:\\My Drive\\CAD Repository\\Washers\\STEP,dc33b7dd-e8b8-45f6-96ac-dc44806903b8,163.38948389697748,1.9567680809018384e-14,163.38948389697748,3830.1629456867117,2505.1180746263894,0.6540499999999989
H:\\My Drive\\CAD Repository\\Washers\\STEP,1e1e42ed-d650-4d1f-bafc-9176e3fc8761,501.27552749345296,1.9373391779708982e-14,501.27552749345296,16014.61730143048,14135.301961107536,0.8826499999999952
H:\\My Drive\\CAD Repository\\Washers\\STEP,a5955e91-533c-4a20-af3f-56a10c78450e,58.58707558210653,2.020605904817785e-14,58.58707558210653,1330.0634338788786,869.9279889284815,0.6540500000000007
H:\\My Drive\\CAD Repository\\Washers\\STEP,28f5017e-d1a4-4cb8-85e3-c61b3573c249,60.29162681912697,2.017830347256222e-14,60.29162681912697,1370.726122685821,896.5234205426591,0.6540499999999984
H:\\My Drive\\CAD Repository\\Washers\\STEP,9c0da36b-8ade-47c3-959b-8919627996e4,77.47460299876875,1.995625886763719e-14,77.47460299876875,1780.6322598526408,1164.6225295566194,0.6540499999999998
H:\\My Drive\\CAD Repository\\Washers\\STEP,499115a3-3555-40ae-be2e-aa4ea85da71a,261.86855697774035,1.9789725413943415e-14,261.86855697774035,16197.261924941191,28284.468636428704,1.7462500000000092
H:\\My Drive\\CAD Repository\\Washers\\STEP,50fa94d1-0d33-45ee-969c-eedd1a51248f,203.30897415752122,1.9789725413943415e-14,203.30897415752122,9607.563107792563,12811.685404241358,1.3334999999999975
H:\\My Drive\\CAD Repository\\Washers\\STEP,6c759e9d-f925-4c01-9de3-85eaf40fe351,141.0103757206121,1.9484414082171497e-14,141.0103757206121,2254.9135589108073,1002.3090769358499,0.4444999999999983
H:\\My Drive\\CAD Repository\\Washers\\STEP,0a395095-5f84-4975-a4b2-eced6e247ca6,87.78438870655377,1.9872992140790302e-14,87.78438870655377,2026.5759421527212,1325.4819949649836,0.6540499999999982
H:\\My Drive\\CAD Repository\\Washers\\STEP,843664a8-83c6-400c-9759-662388d37f68,8.687712756426869,1.7780000000000193,8.687712756426869,109.64790185650526,48.738492375216566,0.44449999999999984
H:\\My Drive\\CAD Repository\\Washers\\STEP,73add25e-6ef4-4b60-bcbc-4160fb2f1d2e,117.17415116421304,1.9872992140790302e-14,117.17415116421304,3649.1802328837102,3220.9489325547943,0.8826499999999966
H:\\My Drive\\CAD Repository\\Washers\\STEP,9d0550b5-7a97-44aa-b07e-bcee0b153d58,86.60219994539443,2.1066481892262345e-14,86.60219994539443,5034.284111806009,8791.118630241239,1.7462499999999992
H:\\My Drive\\CAD Repository\\Washers\\STEP,4ca15c0b-b277-4761-945c-9d51e99a874d,158.77069989988982,2.017830347256222e-14,158.77069989988982,9630.804387802798,16817.79216220063,1.7462499999999992
H:\\My Drive\\CAD Repository\\Washers\\STEP,596311a3-ef1d-4101-afb6-e55c5f7d3b03,86.46473613595731,2.0594637106796654e-14,86.46473613595731,3924.592584741987,5233.444211753433,1.3334999999999981
H:\\My Drive\\CAD Repository\\Washers\\STEP,ed4fc27d-370e-4d9f-884f-0e4b4d1d24a8,495.00717778311974,1.9512169657787126e-14,495.00717778311974,31046.21123558998,54214.44637014926,1.746250000000008
H:\\My Drive\\CAD Repository\\Washers\\STEP,a767991c-408f-4c71-846b-e32c60158980,110.30096069235634,1.992850329202156e-14,110.30096069235634,3427.9105122383253,3025.645213627146,0.8826499999999965
H:\\My Drive\\CAD Repository\\Washers\\STEP,0e302d6c-85f2-4585-8198-1dbc0a48eae9,148.46091419210475,2.0261570199409107e-14,148.46091419210475,8974.158634088972,15671.12451477786,1.7462499999999994
H:\\My Drive\\CAD Repository\\Washers\\STEP,08e7bce3-9982-4e0c-92aa-d7f5136fcde5,227.50260461845684,1.990074771640593e-14,227.50260461845684,14008.442745894981,24462.24314501904,1.746249999999995
H:\\My Drive\\CAD Repository\\Washers\\STEP,e377d201-af1f-456f-b100-4351bc998f18,72.71835519224389,2.0872192862952943e-14,72.71835519224389,3256.0078173242723,4341.886424401916,1.3334999999999997
H:\\My Drive\\CAD Repository\\Washers\\STEP,f82c3afe-5669-41a9-9bb5-7b47e437c757,70.60141252691204,2.0039525594484076e-14,70.60141252691204,1616.669804985915,1057.3828859510393,0.6540500000000009
H:\\My Drive\\CAD Repository\\Washers\\STEP,a95f7ae7-56c5-4068-b301-7052026486ef,299.53364076351505,1.9595436384634013e-14,299.53364076351505,14287.656479716572,19052.589915702003,1.3334999999999968
H:\\My Drive\\CAD Repository\\Washers\\STEP,55a7d754-0020-4618-b84f-58ff16db7a9b,169.0804856076749,2.0122792321330962e-14,169.0804856076749,10287.450141516627,17964.459809623375,1.7462499999999965
H:\\My Drive\\CAD Repository\\Washers\\STEP,9330cd83-57ed-4c52-8a8d-a376f8d44e2b,172.5170808436032,2.0095036745715333e-14,172.5170808436032,10506.332059421236,18346.682358764327,1.7462499999999992
H:\\My Drive\\CAD Repository\\Washers\\STEP,f27b63a5-613f-479e-9422-0374b70b390a,289.36131886516716,1.9734214262712158e-14,289.36131886516716,17948.317268178074,31342.249029556187,1.7462500000000125
H:\\My Drive\\CAD Repository\\Washers\\STEP,00f4f528-6e8b-4770-b826-b28f0944a72c,155.1966408545243,1.995625886763719e-14,155.1966408545243,7267.516421830561,9691.233148511037,1.333499999999998
H:\\My Drive\\CAD Repository\\Washers\\STEP,84214ad3-6631-4a6f-bc22-5d75ad1f446d,32.743879407925334,2.042810365310288e-14,32.743879407925334,499.6556828501738,222.09695102690276,0.444500000000001
H:\\My Drive\\CAD Repository\\Washers\\STEP,488157f8-952b-43ca-bec2-d7105bc83007,90.03879518132278,2.098321516541546e-14,90.03879518132278,5253.166029710617,9173.341179382163,1.7462499999999996
H:\\My Drive\\CAD Repository\\Washers\\STEP,7fe0fc98-a939-4f10-8024-1f44c6b558eb,645.8049767356555,1.9456658506555868e-14,645.8049767356555,40650.749793243696,70986.37182645129,1.7462499999999872
H:\\My Drive\\CAD Repository\\Washers\\STEP,366fbe0b-3eb2-422d-8b5a-40163bcebf6c,220.62941414660017,1.990074771640593e-14,220.62941414660017,13570.678910085862,23697.798046737586,1.746250000000011
H:\\My Drive\\CAD Repository\\Washers\\STEP,6d687210-3161-4eb8-9879-a6a7228d9b60,79.72900947353774,2.123301534595612e-14,79.72900947353774,4596.520275996791,8026.673531959392,1.7462499999999992
H:\\My Drive\\CAD Repository\\Washers\\STEP,54987817-61ec-40d5-9a22-ce685776d68a,10.41975675533476,1.7780000000000193,10.41975675533476,137.72846208804927,61.220301398137885,0.4444999999999999
H:\\My Drive\\CAD Repository\\Washers\\STEP,e2c27b5e-9c1e-42a7-9685-f39e05ceda47,149.6431029532641,1.9595436384634013e-14,149.6431029532641,3502.238035953261,2290.6387874152256,0.6540499999999987
H:\\My Drive\\CAD Repository\\Washers\\STEP,987e927b-794f-4b29-ac69-a3e20d2deae0,266.48734097482804,1.942890293094024e-14,266.48734097482804,6289.599768687596,4113.712728710103,0.6540499999999969
H:\\My Drive\\CAD Repository\\Washers\\STEP,befb0369-3a28-47bf-a6b3-197df3589270,31.066820932792282,2.1149748619109232e-14,31.066820932792282,673.5577645925064,440.5404559317276,0.6540499999999982
H:\\My Drive\\CAD Repository\\Washers\\STEP,8a710434-48c5-4ae3-bbf5-bcdcc1ce103c,278.914069347945,1.9623191960249642e-14,278.914069347945,13284.779328589997,17715.253234674685,1.3334999999999944
H:\\My Drive\\CAD Repository\\Washers\\STEP,d787d61b-b751-4dca-9928-5456178916c1,549.9927015579733,1.9484414082171497e-14,549.9927015579733,34548.321922063755,60330.00715640402,1.7462500000000054
H:\\My Drive\\CAD Repository\\Washers\\STEP,a4302626-afee-4cbc-a914-b158f8f052c6,151.89750942803312,2.0233814623793478e-14,151.89750942803312,9193.040551993581,16053.34706391878,1.7462499999999987
H:\\My Drive\\CAD Repository\\Washers\\STEP,651fddf8-364d-4010-b396-a1777f2ca0ed,162.20729513581819,2.017830347256222e-14,162.20729513581819,9849.686305707412,17200.014711341555,1.7462499999999987
H:\\My Drive\\CAD Repository\\Washers\\STEP,ffda0f46-f10b-4561-a005-2b80a9a7840d,316.85408075259403,1.970645868709653e-14,316.85408075259403,19699.372611414965,34400.02942268364,1.7462500000000132
H:\\My Drive\\CAD Repository\\Washers\\STEP,25581e58-0df6-46a4-9dfa-a55254781cc3,211.5018171999744,1.9484414082171497e-14,211.5018171999744,4977.900129753792,3255.7955798654666,0.6540499999999998
H:\\My Drive\\CAD Repository\\Washers\\STEP,359b7f17-a176-4b99-81b3-951afce7dd49,37.94001140464898,2.0788926136106056e-14,37.94001140464898,837.5202194592313,547.780099537309,0.6540499999999985
H:\\My Drive\\CAD Repository\\Washers\\STEP,69242237-48c3-4dea-b00b-4204876d8f8d,481.2607968394062,1.9539925233402755e-14,481.2607968394062,30170.683563971095,52685.55617358398,1.7462499999999819
H:\\My Drive\\CAD Repository\\Washers\\STEP,32c3c7df-924a-41b7-ad78-dfed3286707c,129.02353153769397,1.965094753586527e-14,129.02353153769397,3010.3506713530655,1968.9198565984582,0.6540499999999952
H:\\My Drive\\CAD Repository\\Washers\\STEP,8b719cf5-49bb-4d0b-9793-f7c893c0d50c,179.03286541092336,1.965094753586527e-14,179.03286541092336,5640.607718692187,4978.682402903637,0.8826499999999962
H:\\My Drive\\CAD Repository\\Washers\\STEP,1306260a-0bf6-437f-a893-6b98a0077cea,340.7727835946553,1.9567680809018384e-14,340.7727835946553,16293.410781969716,21727.263277756556,1.3334999999999964
H:\\My Drive\\CAD Repository\\Washers\\STEP,a4a18853-12a7-4c9c-a232-9a8a515dcf52,34.91580759703204,5.334000000000019,34.91580759703204,1417.3997069255556,1890.1025091852273,1.3334999999999992
H:\\My Drive\\CAD Repository\\Washers\\STEP,902d76b9-3c6d-4050-9bd3-e8c0e3283bf5,79.1516614739018,1.970645868709653e-14,79.1516614739018,1252.0364077842444,556.5301832600977,0.4445000000000009
H:\\My Drive\\CAD Repository\\Washers\\STEP,045e24ea-c91c-4f22-b993-65fceb40aa8c,55.09549482240331,1.992850329202156e-14,55.09549482240331,862.0286267905713,383.1717246084074,0.44449999999999823
H:\\My Drive\\CAD Repository\\Washers\\STEP,1a1e1571-5d8c-43ea-b8e5-544fadb86f44,170.26267436883418,1.9539925233402755e-14,170.26267436883418,3994.1254005534365,2612.3577182319736,0.6540499999999996
H:\\My Drive\\CAD Repository\\Washers\\STEP,ea09953f-83e5-41ab-abd5-3ec5135f39a7,29.307284171996972,2.0566881531181025e-14,29.307284171996972,443.94028556536284,197.33145693380374,0.4444999999999999
H:\\My Drive\\CAD Repository\\Washers\\STEP,04d84a36-8563-4280-8eae-41e6019e72c3,113.51761383318528,1.9567680809018384e-14,113.51761383318528,1809.1903806323317,804.1851241910651,0.4444999999999965
H:\\My Drive\\CAD Repository\\Washers\\STEP,b3911c22-6431-4150-b08f-585d2aecd43a,11.327017897619843,2.6162000000000187,11.327017897619843,202.65759421527247,132.5481994964989,0.6540499999999998
H:\\My Drive\\CAD Repository\\Washers\\STEP,27342b21-eb80-436f-9f13-d2b9804c73bf,124.04734163606975,1.9845236565174673e-14,124.04734163606975,3870.4499535290975,3416.2526514824426,0.882649999999996
H:\\My Drive\\CAD Repository\\Washers\\STEP,71c2d767-92ac-4f3d-8c0e-bd9ae2baaed5,473.7827656060262,1.9373391779708982e-14,473.7827656060262,15129.538418848937,13354.087085396948,0.8826499999999956
H:\\My Drive\\CAD Repository\\Washers\\STEP,83001c66-b8a3-45f6-a6b2-6877c4d5ad11,72.33345652581993,2.0011770018868447e-14,72.33345652581993,1657.9883436123296,1084.4072761396458,0.654050000000001
H:\\My Drive\\CAD Repository\\Washers\\STEP,ccb5a84f-0069-4272-a245-5aac9f48d4ca,65.8451647203872,2.1066481892262345e-14,65.8451647203872,2921.7154336154144,3896.107530726154,1.3334999999999997
H:\\My Drive\\CAD Repository\\Washers\\STEP,c86cdbfa-1c83-4650-8780-8ecc85129e64,93.33792660781401,2.0483614804334138e-14,93.33792660781401,4258.884968450845,5679.223105429196,1.3334999999999986
H:\\My Drive\\CAD Repository\\Washers\\STEP,59fc8143-2e61-4553-9f49-b8b1d2a3a4a6,45.225593304817096,2.2037927038809357e-14,45.225593304817096,1918.8382824888417,2558.77084969887,1.3334999999999997
H:\\My Drive\\CAD Repository\\Washers\\STEP,ae3f2af7-aa92-443e-b531-8b95b07215d1,82.64324223360498,1.990074771640593e-14,82.64324223360498,1903.9320259124183,1245.266741548018,0.6540500000000004
H:\\My Drive\\CAD Repository\\Washers\\STEP,336b0daf-7954-4e8f-8860-b72b91b2235d,237.67492651680476,1.970645868709653e-14,237.67492651680476,11279.025026336853,15040.579872620194,1.3335000000000001
H:\\My Drive\\CAD Repository\\Washers\\STEP,badeb6c6-0a86-4c59-8595-20ba5e7fd1cd,72.4984130971445,2.0289325775024736e-14,72.4984130971445,2210.927048688704,1951.4747595250815,0.8826499999999986
H:\\My Drive\\CAD Repository\\Washers\\STEP,65989f78-2531-47a4-ac92-7072ed567375,127.4839368719981,1.9817480989559044e-14,127.4839368719981,3981.0848138517904,3513.9045109462722,0.8826499999999974
H:\\My Drive\\CAD Repository\\Washers\\STEP,a947b6d0-fbd8-4818-86d6-96d4db79e206,17.512889322290878,3.5306000000000193,17.512889322290878,440.7692835256101,389.04500810387975,0.88265
H:\\My Drive\\CAD Repository\\Washers\\STEP,9294a599-25d7-4601-aded-1b716a035e19,206.88303320288674,1.995625886763719e-14,206.88303320288674,12695.15123846742,22168.907850173873,1.746250000000011
H:\\My Drive\\CAD Repository\\Washers\\STEP,fb06f4c7-49bb-4c66-b5c9-50392785b9d9,669.7236795777169,1.940114735532461e-14,669.7236795777169,32292.64426627563,43062.24112907821,1.3334999999999895
H:\\My Drive\\CAD Repository\\Washers\\STEP,b612c187-73b0-4459-a57f-694164cf8c6e,467.5144158956928,1.9539925233402755e-14,467.5144158956928,29295.15589235267,51156.66597702032,1.7462499999999817
H:\\My Drive\\CAD Repository\\Washers\\STEP,79eff854-c054-42aa-bb53-2ba909aa6e30,122.15034106583728,1.96787031114809e-14,122.15034106583728,2846.388216486341,1861.6802129928808,0.6540499999999962
H:\\My Drive\\CAD Repository\\Washers\\STEP,8a32df01-5001-48d9-a01d-52d624970bb3,131.14047420302586,2.0122792321330962e-14,131.14047420302586,6097.493078849561,8131.007020645876,1.3334999999999977
H:\\My Drive\\CAD Repository\\Washers\\STEP,26b6b6b0-e4fa-4f7f-b352-9b92b1738077,141.45025991081093,2.0039525594484076e-14,141.45025991081093,6598.931654412846,8799.67536115952,1.3334999999999984
H:\\My Drive\\CAD Repository\\Washers\\STEP,7540e3e4-4c8c-44e4-838b-d33c3d388c4a,141.23031781571152,1.9761969838327786e-14,141.23031781571152,4423.624255142563,3904.511948801566,0.8826499999999962
H:\\My Drive\\CAD Repository\\Washers\\STEP,39433761-352b-4513-9b1c-f6f26ab4be4d,151.54010352349658,1.9734214262712158e-14,151.54010352349658,4755.528836110664,4197.4675271930855,0.8826500000000016
H:\\My Drive\\CAD Repository\\Washers\\STEP,20106863-9330-4561-843f-a0cda5bd28e7,94.6575791784105,1.9817480989559044e-14,94.6575791784105,2190.538397019455,1432.7216385705735,0.6540499999999996
H:\\My Drive\\CAD Repository\\Washers\\STEP,c8d58bf7-2a6b-42f6-9f95-e3bbe973c6b9,101.5307696502672,1.9789725413943415e-14,101.5307696502672,2354.5008518861805,1539.961282176155,0.6540499999999995
H:\\My Drive\\CAD Repository\\Washers\\STEP,a0eeeba2-da49-4b21-9030-14ce298a7968,254.63796060134706,1.9512169657787126e-14,254.63796060134706,8074.574645791436,7127.023311107788,0.8826499999999972
H:\\My Drive\\CAD Repository\\Washers\\STEP,63a1c039-42c2-422c-ba5f-35667c538ddd,131.277938012463,2.040034807748725e-14,131.277938012463,7879.749044565928,13760.01176907324,1.7462499999999985
H:\\My Drive\\CAD Repository\\Washers\\STEP,fefca7a1-0b2d-42df-88a8-f15fda82953f,399.33236641487446,1.9595436384634013e-14,399.33236641487446,24952.538641125626,43573.37060206585,1.746250000000009
H:\\My Drive\\CAD Repository\\Washers\\STEP,c4cb6b2d-65d0-412b-9a8c-4c1bac0dfe3f,55.53537901260214,2.145505995088115e-14,55.53537901260214,2420.2768580521283,3227.439190212512,1.3334999999999997
H:\\My Drive\\CAD Repository\\Washers\\STEP,2e7fa22c-a699-4ce1-8e25-9bb3d24bcf02,141.58772372024805,2.0317081350640365e-14,141.58772372024805,8536.394798279754,14906.679416496007,1.7462499999999983
H:\\My Drive\\CAD Repository\\Washers\\STEP,86ae3517-68ab-42b1-9a97-32409bb06471,192.77924635463677,1.9623191960249642e-14,192.77924635463677,6083.147159982959,5369.289840758941,0.882649999999997
H:\\My Drive\\CAD Repository\\Washers\\STEP,c53072c0-0617-417d-afa2-ff4ec8235d95,615.1505472311748,1.940114735532461e-14,615.1505472311748,29638.362739627304,39522.75671329274,1.333499999999991
H:\\My Drive\\CAD Repository\\Washers\\STEP,caf4dead-7618-4490-9deb-5cb98e0f3343,100.34858088910784,2.0788926136106056e-14,100.34858088910784,5909.811783424445,10320.008826804931,1.746249999999999
H:\\My Drive\\CAD Repository\\Washers\\STEP,fdc54913-ba55-420c-a925-038809a40c64,134.71453324839135,2.0372592501871623e-14,134.71453324839135,8098.630962470537,14142.234318214167,1.746249999999999
H:\\My Drive\\CAD Repository\\Washers\\STEP,c6eb3f6e-3134-4385-9865-a30a04313a30,385.58598547116094,1.9623191960249642e-14,385.58598547116094,24077.01096950683,42044.480405500864,1.7462499999999817
H:\\My Drive\\CAD Repository\\Washers\\STEP,f2eff85f-235d-4a11-9ec2-67de5210cc51,29.747168362195804,5.334000000000019,29.747168362195804,1166.011834376495,1554.876781141055,1.333499999999999
H:\\My Drive\\CAD Repository\\Washers\\STEP,727d7381-0c13-44b5-a0f6-c23e135baaf3,96.91198565317949,2.0844437287337314e-14,96.91198565317949,5690.929865519836,9937.786277664009,1.746249999999999
H:\\My Drive\\CAD Repository\\Washers\\STEP,5486d0de-ff07-4bc6-9eb1-91415f361778,50.8,3.3274,50.8,3723.691922391691,4842.508053086256,1.3004588333333333
H:\\My Drive\\CAD Repository\\Washers\\STEP,5d83fe85-6b58-42d8-8175-4309fa298ac2,34.925,1.9811999999999999,34.925,1902.132246028971,1580.9050990412284,0.8311226006191947
H:\\My Drive\\CAD Repository\\Washers\\STEP,0064abd5-8707-41e3-9083-d1e8d0b12083,26.9748,1.651,26.9748,1020.4683263040321,664.0390163325173,0.6507198697068405
H:\\My Drive\\CAD Repository\\Washers\\STEP,e84a8134-9eba-4051-b5ed-bf3bdda565ad,127.0,6.8326,127.0,19868.633639761752,52743.379431867565,2.6546052631578956
H:\\My Drive\\CAD Repository\\Washers\\STEP,353d8094-e763-493a-b807-1a3219d0c16e,44.81320187650569,2.0511370379949767e-14,44.81320187650569,1001.4826743259583,655.0197431428926,0.6540499999999996
H:\\My Drive\\CAD Repository\\Washers\\STEP,c623a01d-4505-4029-8b3d-7e159cf1c5be,34.925,1.9811999999999999,34.925,1902.132246028971,1580.9050990412284,0.8311226006191947
H:\\My Drive\\CAD Repository\\Washers\\STEP,fdb648de-d13b-4354-8ed0-583505803998,49.98184111134194,2.0372592501871623e-14,49.98184111134194,1124.782440385738,735.6639551342932,0.6540500000000011
H:\\My Drive\\CAD Repository\\Washers\\STEP,8961e238-92a1-4830-b264-a38ce5b88447,106.6444233613286,1.9567680809018384e-14,106.6444233613286,1697.7595860627323,754.6541360048909,0.4445000000000038
H:\\My Drive\\CAD Repository\\Washers\\STEP,4744fb16-a342-4087-839f-eb13abac5521,17.292947227191462,2.1621593404574924e-14,17.292947227191462,249.1592566576685,110.75128958433362,0.4444999999999999
H:\\My Drive\\CAD Repository\\Washers\\STEP,84060cfb-ba2c-4cf2-b479-0a14ab53cf28,19.049999999999997,1.5748,19.049999999999997,589.8683105669788,356.6096370291761,0.6045580524344569
H:\\My Drive\\CAD Repository\\Washers\\STEP,41b14529-1aa5-4667-b118-5ca205f4d5b0,25.4,1.5748,25.4,1033.946745248026,676.5927752003547,0.6543787465940054
H:\\My Drive\\CAD Repository\\Washers\\STEP,0b90d507-1481-4f7d-b2ff-40378e970b1d,2.3876,0.4064,2.3876,11.678593978239125,1.4900799535397942,0.12759069767441863
H:\\My Drive\\CAD Repository\\Washers\\STEP,0c12daf5-9630-4aa6-a83c-741f27d4a7a5,245.8677695592579,1.9456658506555868e-14,245.8677695592579,5797.71240408742,3791.993797893368,0.6540499999999985
H:\\My Drive\\CAD Repository\\Washers\\STEP,9157f992-01e5-46b2-a111-7572aa506379,38.099999999999994,1.9811999999999999,38.099999999999994,2146.396666817668,1783.5651621667985,0.8309578512396696
H:\\My Drive\\CAD Repository\\Washers\\STEP,56fc9379-3eba-4313-8761-ecc8d676cb99,17.475199999999997,1.2573,17.475199999999997,504.13948559343146,256.82038824242414,0.5094232758620689
H:\\My Drive\\CAD Repository\\Washers\\STEP,8b0d714c-95a9-4b04-8b24-241883679bb7,9.524999999999999,0.8128,9.524999999999999,148.0082412294208,45.73244005555894,0.30898576779026227
H:\\My Drive\\CAD Repository\\Washers\\STEP,ddefda3f-3b30-4669-9f24-557196bd4551,99.7712328894719,1.9595436384634013e-14,99.7712328894719,1586.328791493112,705.1231478186936,0.44450000000000334
H:\\My Drive\\CAD Repository\\Washers\\STEP,0813f773-0ac1-43ae-bafa-990345084333,4.838726092187118,1.5240000000000191,4.838726092187118,44.31761886883139,16.885012789024756,0.38099999999999995
H:\\My Drive\\CAD Repository\\Washers\\STEP,90e0882a-cb6e-4498-90cc-67790c7ad332,22.224999999999998,1.5748,22.224999999999998,779.3860284840666,488.3221975520512,0.6265472817133444
H:\\My Drive\\CAD Repository\\Washers\\STEP,42ad2ec8-7816-4dfe-ad1d-c5c348ef8170,6.35,0.635,6.35,69.48885026847265,16.28713143661701,0.23438481675392667
H:\\My Drive\\CAD Repository\\Washers\\STEP,6b5ec48d-3d8b-4030-b4f1-c57b5fab542a,70.612,6.35,70.612,7532.932281894368,16915.578731837035,2.2455503512880557
H:\\My Drive\\CAD Repository\\Washers\\STEP,bca9ad99-fc51-4ded-9efb-aeb6f5429c3e,65.46026605396324,2.0095036745715333e-14,65.46026605396324,1494.0258887456046,977.1676325340638,0.6540500000000008
H:\\My Drive\\CAD Repository\\Washers\\STEP,e5b5efd5-d86f-4924-b378-4b33aede18ba,14.2748,1.016,14.2748,318.21635053306136,127.79968490413648,0.40161256544502616
H:\\My Drive\\CAD Repository\\Washers\\STEP,7c42efa8-8e2d-4d34-b010-eb16a741714d,4.571999999999999,0.635,4.571999999999999,38.30708541977081,7.818749756213935,0.20410714285714288
H:\\My Drive\\CAD Repository\\Washers\\STEP,6cfeefdc-1195-4501-a0cf-195147f10523,20.75703522500724,2.225997164373439e-14,20.75703522500724,427.61408229241977,279.68099052335697,0.6540499999999996
H:\\My Drive\\CAD Repository\\Washers\\STEP,92be3c76-98b5-4f6d-980c-f412b542094e,3.9623999999999997,0.5206999999999999,3.9623999999999997,29.82480221967871,5.406662238829444,0.18128074074074071
H:\\My Drive\\CAD Repository\\Washers\\STEP,12acc73f-12e2-41f1-8684-17fd5e3e6eea,7.1374,0.635,7.1374,83.07165095316016,19.714832718631293,0.23732323232323232
H:\\My Drive\\CAD Repository\\Washers\\STEP,af8dfe84-9455-4654-a868-0224966f95ac,25.4,1.5748,25.4,1032.6130911630414,675.3447611651933,0.6540153005464481
H:\\My Drive\\CAD Repository\\Washers\\STEP,05591fdb-b21a-4354-9cf6-f53c9ca31093,28.575,1.5748,28.575,1233.452680993084,810.4311089902822,0.6570427236315085
H:\\My Drive\\CAD Repository\\Washers\\STEP,5a1b488a-55b3-4267-a9ec-649d9385f7a6,7.924799999999999,0.635,7.924799999999999,100.0088551494731,24.368436740200103,0.2436627906976744
H:\\My Drive\\CAD Repository\\Washers\\STEP,e0c3cba5-8063-4c77-b8e7-4ed794d38021,25.4,1.8287999999999998,25.4,1028.8472411783887,748.8912033164836,0.7278934844192634
H:\\My Drive\\CAD Repository\\Washers\\STEP,93c85986-8e67-435c-b064-be12400da5dd,25.4,1.6129,25.4,1027.3250919111797,682.5532237182136,0.664398474341193
H:\\My Drive\\CAD Repository\\Washers\\STEP,9df2b34e-d49f-4435-a7c1-7ae9d827c536,7.924799999999999,0.8128,7.924799999999999,111.15844651953446,33.656120432094646,0.30277609561752983
H:\\My Drive\\CAD Repository\\Washers\\STEP,c234b248-b77e-49e8-b59b-4fe8809ae3ff,27.7368,2.5654,27.7368,1246.1446899295179,1169.634550290436,0.9386025232403716
H:\\My Drive\\CAD Repository\\Washers\\STEP,8cf41725-6dfc-47eb-bdf2-85a71a179aa4,45.211999999999996,4.064,45.211999999999996,3189.5969040489736,4685.586890941969,1.469021645021645
H:\\My Drive\\CAD Repository\\Washers\\STEP,40670a76-1650-4972-aabf-d323411a41af,44.754799999999996,3.9751,44.754799999999996,3091.9290374529296,4435.586852810962,1.4345694222222227
H:\\My Drive\\CAD Repository\\Washers\\STEP,5694970e-094e-45ee-a2d0-d722d1603e0a,154.75675666432548,1.9456658506555868e-14,154.75675666432548,2477.7751480500447,1101.3710533082362,0.4444999999999965
H:\\My Drive\\CAD Repository\\Washers\\STEP,ac3670b6-57e9-4971-bfb4-0011ddb7f075,57.15,2.2859999999999996,57.15,4591.596707229217,4557.643057894178,0.9926052631578943
H:\\My Drive\\CAD Repository\\Washers\\STEP,e186b70a-05e8-4f13-96a5-076b4087cf0c,12.7,1.016,12.7,268.58637978537786,107.48869664853758,0.40020159151193635
H:\\My Drive\\CAD Repository\\Washers\\STEP,53c9e8dc-7daf-4c39-9621-2b0bb3bad93d,25.4,1.5493999999999999,25.4,1031.1294516642438,665.6799885035747,0.6455833333333333
H:\\My Drive\\CAD Repository\\Washers\\STEP,6b9b5f69-33ce-4db0-b710-25d6a094917a,19.049999999999997,1.0287,19.049999999999997,582.1967593334426,256.5983357493477,0.4407416077738517
H:\\My Drive\\CAD Repository\\Washers\\STEP,a2d4577a-bda3-4ece-ba2f-4101e41b5e07,38.099999999999994,2.2859999999999996,38.099999999999994,2033.7373527450468,1842.5098092178123,0.9059723502304149
H:\\My Drive\\CAD Repository\\Washers\\STEP,ec74b76e-0b01-4759-9254-3c3bba8306b4,120.96815230467794,2.0511370379949767e-14,120.96815230467794,7223.1032908521,12613.344121650476,1.7462499999999994
H:\\My Drive\\CAD Repository\\Washers\\STEP,b19a8c8c-109a-4274-bda6-e005c927cb8f,22.224999999999998,1.5748,22.224999999999998,811.4261558023596,518.6958588272325,0.6392397572078908
H:\\My Drive\\CAD Repository\\Washers\\STEP,564b22ce-c81b-48bf-aff4-822e3b77ac41,82.55,3.556,82.55,9597.055868745934,14635.822299215397,1.5250325203252035
H:\\My Drive\\CAD Repository\\Washers\\STEP,91c5f982-4bb4-447e-a5b5-52ed16edd443,11.2522,1.2827,11.2522,227.08805066225096,104.08943244897,0.4583659604519776
H:\\My Drive\\CAD Repository\\Washers\\STEP,dd0eb090-5d77-46f6-ad14-1ca1db774b87,138.01366467488256,2.0067281170099704e-14,138.01366467488256,6431.785462558418,8576.78591432164,1.3334999999999984
H:\\My Drive\\CAD Repository\\Washers\\STEP,6fad644a-2ca6-47a4-8e08-7a7a7ea71ac7,23.7998,2.5654,23.7998,950.902456498737,849.2203834289936,0.8930678195488725
H:\\My Drive\\CAD Repository\\Washers\\STEP,4d7bd779-dc28-454e-aeb6-68cf8b855370,57.15,2.8956,57.15,4975.381005557494,6136.8856397650225,1.2334503896103894
H:\\My Drive\\CAD Repository\\Washers\\STEP,94aaaa02-3e18-428d-a7c0-923c353cce59,95.25,4.7498,95.25,11901.6719459118,22977.029086824485,1.930571535767884
H:\\My Drive\\CAD Repository\\Washers\\STEP,2cabd54e-ea62-4ef3-96b1-a951f0f12940,618.7246062765403,1.9456658506555868e-14,618.7246062765403,38925.96028015597,67974.45813922242,1.7462500000000016
H:\\My Drive\\CAD Repository\\Washers\\STEP,06de4296-33e7-484f-90b0-cd517fad779f,115.27715059398061,1.970645868709653e-14,115.27715059398061,2682.425761619632,1754.440569387318,0.6540499999999991
H:\\My Drive\\CAD Repository\\Washers\\STEP,8df9fc8a-1229-4572-9bc5-3253d945dcd5,19.21744055931134,2.400857290751901e-14,19.21744055931134,495.64417424566614,437.48033039793734,0.8826500000000003
H:\\My Drive\\CAD Repository\\Washers\\STEP,8599d789-e10b-4da8-8c45-3a3014e2021f,55.31543691750274,2.0650148258027912e-14,55.31543691750274,1657.7527470752368,1463.215462205957,0.8826499999999995
H:\\My Drive\\CAD Repository\\Washers\\STEP,f94a18c2-58db-4064-adaa-09cdd9d9934c,199.65243682649344,1.9595436384634013e-14,199.65243682649344,6304.416880628346,5564.593559686579,0.8826499999999952
H:\\My Drive\\CAD Repository\\Washers\\STEP,cac9cd7d-4791-4ab6-b333-3193c87814b4,642.2309176902901,1.940114735532461e-14,642.2309176902901,30955.4747314402,41279.12555437532,1.333499999999994
H:\\My Drive\\CAD Repository\\Washers\\STEP,1e90bacb-72ea-47fd-a4d1-de0adbc45509,38.074600000000004,4.064,38.074600000000004,2342.3921331475403,3228.9698993217758,1.378492462311558
H:\\My Drive\\CAD Repository\\Washers\\STEP,bce3f32a-8dc0-4a08-94bb-9cfff9603c5e,9.524999999999999,1.2827,9.524999999999999,172.19946969649357,75.58246389336347,0.43892390625000005
H:\\My Drive\\CAD Repository\\Washers\\STEP,02542d30-0d60-4690-97b0-c7a2d7c0c55c,9.524999999999999,0.8128,9.524999999999999,148.0082412294208,45.73244005555894,0.30898576779026227
H:\\My Drive\\CAD Repository\\Washers\\STEP,e61e96eb-5853-48f3-b268-ee58d268bab8,19.049999999999997,1.5239999999999998,19.049999999999997,583.1635572035607,342.9933004166921,0.5881596958174907
H:\\My Drive\\CAD Repository\\Washers\\STEP,63903030-656d-4ce3-9c2f-ded2e3281971,41.569055973789325,2.117750419472486e-14,41.569055973789325,1215.2133057844633,1072.6080243506558,0.8826499999999994
H:\\My Drive\\CAD Repository\\Washers\\STEP,889f9903-61c3-4314-980e-db9bb0690f25,69.06181786121614,2.0344836926255994e-14,69.06181786121614,2100.2921883660097,1853.8229000612573,0.8826499999999995
H:\\My Drive\\CAD Repository\\Washers\\STEP,fbf86d4b-bedc-47f8-8491-6bd71be97a5d,48.66218854074545,2.1815882433884326e-14,48.66218854074545,2085.984474343271,2781.66029653675,1.3334999999999992
H:\\My Drive\\CAD Repository\\Washers\\STEP,ead81edd-12a2-4d20-bf93-f6a55dc17091,24.193630460935587,2.1788126858268697e-14,24.193630460935587,509.5953097257815,333.3008123261465,0.6540499999999984
H:\\My Drive\\CAD Repository\\Washers\\STEP,d1276ac0-283b-4ea0-9068-b7f439058235,15.615888752058426,2.6162000000000187,15.615888752058426,304.97016605210905,199.4657371063818,0.6540499999999996
H:\\My Drive\\CAD Repository\\Washers\\STEP,75efb8ce-4118-4ef2-ba4f-096e103d9de7,127.26399477689867,1.9512169657787126e-14,127.26399477689867,2032.051969771569,903.2471005634573,0.44449999999999745
H:\\My Drive\\CAD Repository\\Washers\\STEP,f6defc2a-c913-498f-9612-0cabf69edbe3,68.84187576611673,1.9789725413943415e-14,68.84187576611673,1084.8902159298152,482.2337009808035,0.4445000000000006
H:\\My Drive\\CAD Repository\\Washers\\STEP,cc342b73-1f33-4fb0-a3d6-c188adcce554,230.80173604494806,1.9734214262712158e-14,230.80173604494806,10944.732642627994,14594.8009789444,1.3334999999999972
H:\\My Drive\\CAD Repository\\Washers\\STEP,eb342789-8c2b-4293-b758-3953a71b1065,144.66691305163988,1.9761969838327786e-14,144.66691305163988,4534.2591154652755,4002.1638082654326,0.8826500000000016
H:\\My Drive\\CAD Repository\\Washers\\STEP,f0aac8b8-2c8e-4037-9a6d-5dd9993a86f2,38.13246073786098,2.1371793224034263e-14,38.13246073786098,1104.5784454617703,974.9561648868312,0.8826499999999996
H:\\My Drive\\CAD Repository\\Washers\\STEP,2f572ed0-24a7-40d9-8fcf-ecfee6dca89f,107.0843075515274,2.0317081350640365e-14,107.0843075515274,4927.46973586856,6570.780892780718,1.3334999999999988
H:\\My Drive\\CAD Repository\\Washers\\STEP,ebeab1af-2e04-4da3-a736-661e253f4e9c,248.12217603402698,1.9845236565174673e-14,248.12217603402698,15321.734253322747,26755.578439865007,1.7462500000000103
H:\\My Drive\\CAD Repository\\Washers\\STEP,922699e8-1374-4589-af4f-a10c303c4534,536.2463206142598,1.9512169657787126e-14,536.2463206142598,33672.79425044482,58801.116959838626,1.7462499999999808
H:\\My Drive\\CAD Repository\\Washers\\STEP,7772061a-3697-4539-9e6a-d447dafe3588,168.72307970313832,1.96787031114809e-14,168.72307970313832,5308.703137724132,4685.7268245122095,0.8826500000000008
H:\\My Drive\\CAD Repository\\Washers\\STEP,39813bbe-f559-4090-b1f6-7f26e1f2a575,392.10177003848105,1.942890293094024e-14,392.10177003848105,12499.96905869916,11033.09768966076,0.8826499999999958
H:\\My Drive\\CAD Repository\\Washers\\STEP,81dd6330-3973-42f4-bf65-63353f6d601e,419.5945319259079,1.940114735532461e-14,419.5945319259079,13385.047941280707,11814.31256537137,0.8826499999999966
H:\\My Drive\\CAD Repository\\Washers\\STEP,bc01fce1-63fe-495e-9cdc-4e8d6e663510,120.83068849524079,2.017830347256222e-14,120.83068849524079,5596.054503286273,7462.338680132238,1.3334999999999988
H:\\My Drive\\CAD Repository\\Washers\\STEP,2bf22bf1-29f5-4c33-aa04-134f5c5e43c9,251.42130746051816,1.96787031114809e-14,251.42130746051816,11947.609793754567,15932.137659971677,1.3334999999999968
H:\\My Drive\\CAD Repository\\Washers\\STEP,02a59478-faaa-422f-97a8-ea175a6db80e,138.15112848431968,2.0344836926255994e-14,138.15112848431968,8317.512880375145,14524.456867355091,1.7462499999999994
H:\\My Drive\\CAD Repository\\Washers\\STEP,a6eea8c0-e558-4ef9-aec1-22beaf9bd28d,80.91119823469708,1.992850329202156e-14,80.91119823469708,1862.6134872859966,1218.2423513594008,0.6540499999999971
H:\\My Drive\\CAD Repository\\Washers\\STEP,c79c81d9-a671-4dc6-85eb-971c2a85b6b8,303.1076998088806,1.970645868709653e-14,303.1076998088806,18823.844939796523,32871.13922611987,1.7462500000000103
H:\\My Drive\\CAD Repository\\Washers\\STEP,92d40ac4-8144-41ed-af3d-688e70fef73c,82.80819880492955,2.015054789694659e-14,82.80819880492955,2542.8316296567837,2244.430337916559,0.8826499999999996
H:\\My Drive\\CAD Repository\\Washers\\STEP,fe6ed49c-5dac-489b-af79-f5970f6ceae0,148.1035082875682,1.9734214262712158e-14,148.1035082875682,4644.893975787949,4099.81566772922,0.8826499999999972
H:\\My Drive\\CAD Repository\\Washers\\STEP,2a6f7322-7bc9-4827-879d-c270cc6845bf,19.049999999999997,1.0287,19.049999999999997,606.5126378403734,271.72292527776796,0.44800867834394914
H:\\My Drive\\CAD Repository\\Washers\\STEP,3d1cca10-7b9d-489a-8d47-7ce54db04f23,13.85635199126311,2.2315482794965646e-14,13.85635199126311,193.44385937285887,85.98579549123576,0.4445
H:\\My Drive\\CAD Repository\\Washers\\STEP,ea78907b-e4be-4cbb-bf3c-0ea2d70cdce8,44.78570911461827,2.0095036745715333e-14,44.78570911461827,694.8824349361472,308.87524232911824,0.44450000000000117
H:\\My Drive\\CAD Repository\\Washers\\STEP,9af47f80-9ce0-43de-b402-17d3ff4d7435,65.40528053018836,1.9817480989559044e-14,65.40528053018836,1029.1748186449997,457.46820688770015,0.44449999999999784
H:\\My Drive\\CAD Repository\\Washers\\STEP,be782fba-a83f-4b84-a8d1-6640e5c2a380,34.47592340683321,2.0372592501871623e-14,34.47592340683321,527.7362430817163,234.57876004982285,0.4444999999999999
H:\\My Drive\\CAD Repository\\Washers\\STEP,23a15a48-93a0-4b94-a895-106ad23fa4fd,182.2495185517523,1.942890293094024e-14,182.2495185517523,2923.498326328495,1299.4950060529925,0.44449999999999196
H:\\My Drive\\CAD Repository\\Washers\\STEP,7e1ff614-3de8-4681-9e47-08c7fe9dad22,30.124399999999998,2.5654,30.124399999999998,1427.258157598295,1362.0364394765932,0.9543027883396701
H:\\My Drive\\CAD Repository\\Washers\\STEP,4dd2f918-b3d5-48e6-98a3-f83e7dc583e3,39.672055403556875,2.070565940925917e-14,39.672055403556875,878.8387580856461,574.8044897259152,0.6540499999999982
H:\\My Drive\\CAD Repository\\Washers\\STEP,83a7e022-103f-418c-854c-9a84da739fa5,76.19999999999999,3.9623999999999997,76.19999999999999,8739.690599473635,14613.923313231531,1.6721328000000004
H:\\My Drive\\CAD Repository\\Washers\\STEP,ee29271e-b7c1-4d18-9aa0-0b74d88bf9c6,41.376606640577336,2.0650148258027912e-14,41.376606640577336,919.501446892594,601.3999213400996,0.6540499999999984
H:\\My Drive\\CAD Repository\\Washers\\STEP,7f8e9585-587d-4a8c-8453-eb67ab43ec64,25.925674459843478,2.1593837828959295e-14,25.925674459843478,550.913848352197,360.3252025147543,0.6540499999999998
H:\\My Drive\\CAD Repository\\Washers\\STEP,205d2696-5cb4-4ad0-9c77-d1949d01b8ec,127.0,6.223,127.0,22138.68314611854,57103.2172588922,2.579341186736475
H:\\My Drive\\CAD Repository\\Washers\\STEP,687b347f-3a30-4a3e-92da-e79a8eb302e8,63.8048,3.9751,63.8048,5681.976477839289,8835.093109941352,1.5549330667593881
H:\\My Drive\\CAD Repository\\Washers\\STEP,1ef3e38e-d425-4ba8-b6f2-b7ae2726612b,11.1252,0.9143999999999999,11.1252,200.43321043180617,70.35438447303993,0.3510116129032257
H:\\My Drive\\CAD Repository\\Washers\\STEP,5a525023-ab45-4885-869a-bceb5223d555,19.049999999999997,1.5748,19.049999999999997,589.8683105669788,356.6096370291761,0.6045580524344569
H:\\My Drive\\CAD Repository\\Washers\\STEP,e3e5dde7-de6a-485a-968e-e87407394049,7.890422661691494,2.6162000000000187,7.890422661691494,120.67636678190978,78.9283776937081,0.6540500000000001
H:\\My Drive\\CAD Repository\\Washers\\STEP,9ee9d6ce-b975-4e69-9744-18bd86fa3af5,48.22230435054662,2.0039525594484076e-14,48.22230435054662,750.5978322209568,333.640736422216,0.44450000000000095
H:\\My Drive\\CAD Repository\\Washers\\STEP,f91cb34e-f7dd-470b-bc8d-d69c6de031d7,120.39080430504201,1.9539925233402755e-14,120.39080430504201,1920.6211752019724,853.7161123772812,0.44450000000000234
H:\\My Drive\\CAD Repository\\Washers\\STEP,9ec15203-41e5-43aa-8db9-9508a5211cfc,19.049999999999997,1.2573,19.049999999999997,559.8813619539889,282.969472843771,0.5054097029702972
H:\\My Drive\\CAD Repository\\Washers\\STEP,66d348d3-d267-490d-a7a5-ebc37adf8bc7,15.560903228283573,2.1926904736346842e-14,15.560903228283573,221.0786964261244,98.26948056141234,0.4445000000000002
H:\\My Drive\\CAD Repository\\Washers\\STEP,55d4753d-d510-4f67-b0eb-bd7836360575,134.13718524875537,1.9512169657787126e-14,134.13718524875537,2143.482764341188,952.7780887496532,0.4444999999999977
H:\\My Drive\\CAD Repository\\Washers\\STEP,fd36e827-5aea-4cd6-b5b2-f51b4eed8a76,17.32043998907889,2.6162000000000187,17.32043998907889,345.632854859057,226.06116872056606,0.6540499999999996
H:\\My Drive\\CAD Repository\\Washers\\STEP,f346d077-5fe7-43a2-9d7e-565725751370,28.575,2.0574,28.575,1296.0310546616247,1058.789029487304,0.8169472681067345
H:\\My Drive\\CAD Repository\\Washers\\STEP,8650e0f3-1156-4e72-bcec-a4a38c924937,44.449999999999996,3.4036,44.449999999999996,2941.9841602383985,3764.2730915200837,1.2795014814814816
H:\\My Drive\\CAD Repository\\Washers\\STEP,7d9ca507-297c-40dd-9752-055f136bbac0,76.19999999999999,3.7591999999999994,76.19999999999999,8517.11933928006,13542.042401837616,1.5899791775117134
H:\\My Drive\\CAD Repository\\Washers\\STEP,efd34717-6db3-47d4-93b8-f11f4a7518f6,27.602732934976515,2.067790383364354e-14,27.602732934976515,416.30544851209737,185.04777186362716,0.44449999999999973
H:\\My Drive\\CAD Repository\\Washers\\STEP,e9db13b2-2a58-456c-bc49-00c9a57d2a5b,20.72954246311981,2.120525977034049e-14,20.72954246311981,304.8746539424781,135.51678367743142,0.4444999999999997
H:\\My Drive\\CAD Repository\\Washers\\STEP,9ce55b3b-9545-4ad8-8049-c59ee8751782,57.91199999999999,6.35,57.91199999999999,5328.676714868473,11128.490879869145,2.0884154688569483
H:\\My Drive\\CAD Repository\\Washers\\STEP,ba7e63b5-7dd7-4bf2-8d90-41c4fefebebd,37.3126,3.7972999999999995,37.3126,2209.889140778502,2883.5194071761416,1.304825366108787
H:\\My Drive\\CAD Repository\\Washers\\STEP,2c9e5b61-9ec0-4737-bd49-c2ea084920e1,4.7752,0.508,4.7752,37.51966199725331,6.574957202402391,0.17524031007751942
H:\\My Drive\\CAD Repository\\Washers\\STEP,dfad1df1-736c-4962-91b1-edc0ba308ab5,6.35,0.508,6.35,67.22893491169779,13.462149580254575,0.20024338624338625
H:\\My Drive\\CAD Repository\\Washers\\STEP,11e49eca-a024-4c8a-b0d8-02680a97626c,22.48907922391512,2.2010171463193728e-14,22.48907922391512,468.9326209188336,306.7053807119624,0.6540499999999985
H:\\My Drive\\CAD Repository\\Washers\\STEP,c6d7466d-e131-418f-a5a9-c5c04f91e08d,36.18047464385368,2.0317081350640365e-14,36.18047464385368,555.3710801349835,246.86244512000076,0.4445000000000011
H:\\My Drive\\CAD Repository\\Washers\\STEP,3495e383-66ae-4c2f-872e-c2859c3cc44e,50.8,3.4036,50.8,3742.3103820036495,4953.405184072964,1.3236222222222225
H:\\My Drive\\CAD Repository\\Washers\\STEP,a64252b2-84ab-450e-8c54-5bebc53e1f71,38.099999999999994,2.3114,38.099999999999994,2204.047816959465,2080.826022527932,0.9440929577464793
H:\\My Drive\\CAD Repository\\Washers\\STEP,9d712810-4375-46ae-aa0f-7d92aba8b076,51.56199999999999,6.35,51.56199999999999,4363.131425638776,8664.574382619176,1.9858614232209737
H:\\My Drive\\CAD Repository\\Washers\\STEP,23447ba0-f22c-4638-ac1f-4db4366220ab,19.049999999999997,1.5748,19.049999999999997,589.8683105669788,356.6096370291761,0.6045580524344569
H:\\My Drive\\CAD Repository\\Washers\\STEP,2eeb3f69-b2ed-4c4f-8f28-54f6bfe7c5d2,38.099999999999994,2.5907999999999998,38.099999999999994,2252.829559387139,2332.354442833506,1.0353000000000003
H:\\My Drive\\CAD Repository\\Washers\\STEP,89b5dfdf-7468-4ad8-914b-2fda3698e1db,9.524999999999999,0.7874,9.524999999999999,146.32394556890074,44.02720612724609,0.30088859315589356
H:\\My Drive\\CAD Repository\\Washers\\STEP,83e443e3-66bd-462e-ba0b-38be5f9c1762,34.0868,4.064,34.0868,2031.9000314258396,2808.9180901966297,1.3824095904095908
H:\\My Drive\\CAD Repository\\Washers\\STEP,f6d26d30-b5bc-4afd-959e-4d6d1bad1d3a,50.8,2.7685999999999997,50.8,3811.088828386427,4377.17426685447,1.14853640625
H:\\My Drive\\CAD Repository\\Washers\\STEP,57c18cc8-8d23-42f3-a392-feaac8bbfe3c,50.8,3.175,50.8,3686.455003167774,4620.713791112839,1.2534301346801346
H:\\My Drive\\CAD Repository\\Washers\\STEP,ecd54d3f-7241-40aa-b5f9-e44bc6f0758a,44.449999999999996,3.0479999999999996,44.449999999999996,3216.858779839376,3998.807475318489,1.243078341013825
H:\\My Drive\\CAD Repository\\Washers\\STEP,857079e1-7464-4587-bce8-f397b3332482,82.55,3.556,82.55,9597.055868745934,14635.822299215397,1.5250325203252035
H:\\My Drive\\CAD Repository\\Washers\\STEP,d42e171f-0d24-4210-9ed2-01a3a0556005,50.8,3.175,50.8,3686.455003167774,4620.713791112839,1.2534301346801346
H:\\My Drive\\CAD Repository\\Washers\\STEP,f39c4cbd-12b0-4ccb-9146-3626820247bb,127.0,6.8326,127.0,21252.451765177022,57936.57371438993,2.7261124671423222
H:\\My Drive\\CAD Repository\\Washers\\STEP,7c2b3e60-2a99-4247-bb8d-d7d22ebe0730,114.3,6.223,114.3,18219.300795299405,46066.87501040915,2.5284655831739955
H:\\My Drive\\CAD Repository\\Washers\\STEP,d39be46f-3ff2-4fcd-a81e-7e79ef89bd10,11.1252,0.7874,11.1252,192.93089949628865,60.10057358904672,0.31151346801346796
H:\\My Drive\\CAD Repository\\Washers\\STEP,c852a5ed-8ed9-471d-9c8a-ce48b2bd4543,7.924799999999999,0.7874,7.924799999999999,103.3926476948862,29.128839091772317,0.28173027522935784
H:\\My Drive\\CAD Repository\\Washers\\STEP,d204f6b0-eb49-4fe3-8a14-3ec95457b86f,6.35,0.635,6.35,69.48885026847265,16.28713143661701,0.23438481675392667
H:\\My Drive\\CAD Repository\\Washers\\STEP,1dd456a3-27ab-470d-b04f-8e4432e383e4,3.9623999999999997,0.38099999999999995,3.9623999999999997,25.351588594206,3.4626443364803245,0.13658490566037734
H:\\My Drive\\CAD Repository\\Washers\\STEP,c7831544-b2c1-4c66-8b3a-ea67c8942200,22.224999999999998,2.1336,22.224999999999998,846.2014900928209,675.6944233765131,0.7985029940119762
H:\\My Drive\\CAD Repository\\Washers\\STEP,c0718c67-2505-4c8f-8bbd-82885243d1e8,22.224999999999998,1.5239999999999998,22.224999999999998,764.6307066927475,463.9426022010878,0.606753820033956
H:\\My Drive\\CAD Repository\\Washers\\STEP,cc134df7-36a8-42f4-86b0-506209715d70,101.6,4.699,101.6,13935.08905953006,27344.508696018267,1.962277282850779
H:\\My Drive\\CAD Repository\\Washers\\STEP,8c9cbbf3-9a48-4df3-8e17-41d0e6be9a6e,69.85,3.556,69.85,6589.730765662958,9572.337664500603,1.452614379084967
H:\\My Drive\\CAD Repository\\Washers\\STEP,e44d5f3a-08dd-482c-b46e-6312c7dd1d7a,25.4,1.9811999999999999,25.4,1046.3347296970016,811.2988035928572,0.7753721448467965
H:\\My Drive\\CAD Repository\\Washers\\STEP,a6f52c24-74e8-4e7c-9758-6489e5b87b88,22.224999999999998,1.9811999999999999,22.224999999999998,831.000265719896,627.4305359924765,0.7550304878048782
H:\\My Drive\\CAD Repository\\Washers\\STEP,eff54025-4ac1-475b-8f1c-e9c51482bcc8,114.3,7.9375,114.3,18051.45394284836,53731.280876759556,2.9765624999999996
H:\\My Drive\\CAD Repository\\Washers\\STEP,c52c0b7e-4b20-4dc0-9ed1-000173a07eaa,6.35,0.635,6.35,71.81463759753015,17.26688835051295,0.24043689320388345
H:\\My Drive\\CAD Repository\\Washers\\STEP,c9451a83-9f65-43d0-83b9-18f64773ad03,3.175,0.3683,3.175,17.4347909407867,2.1985745147824987,0.12610271739130435
H:\\My Drive\\CAD Repository\\Washers\\STEP,7fe63fad-caa5-4ac8-9d88-1d55c711ea0e,114.3,6.223,114.3,17076.675429934545,42125.3242073795,2.4668340380549685
H:\\My Drive\\CAD Repository\\Washers\\STEP,e3f3463c-319c-439c-8324-f55c4707a6a9,26.9748,1.778,26.9748,1037.08833161843,715.1189406657879,0.689544871794872
H:\\My Drive\\CAD Repository\\Washers\\STEP,08c9b0cd-69fc-442c-af16-ebad78418cd6,15.875,1.27,15.875,407.6603547433515,200.56154930211198,0.4919819819819821
H:\\My Drive\\CAD Repository\\Washers\\STEP,de2b42db-a381-4a64-9f56-fa85b4c58da6,1.9811999999999999,0.38099999999999995,1.9811999999999999,8.131641624556643,0.8656610841200811,0.10645588235294114
H:\\My Drive\\CAD Repository\\Washers\\STEP,ce78e261-c9cb-4c44-8b08-4214a90971b8,133.35,6.9596,133.35,24067.97187278227,68050.07021618402,2.8274119055764624
H:\\My Drive\\CAD Repository\\Washers\\STEP,fbd2c13e-db9f-4f66-ab5f-f0919375383c,37.3126,3.4036,37.3126,2138.2295556695763,2584.559201080957,1.2087379459459462
H:\\My Drive\\CAD Repository\\Washers\\STEP,5efc7614-ad70-4fd5-9b93-dfed37fe3469,15.875,1.6637,15.875,436.1231272592161,262.73562958576673,0.6024345263157896
H:\\My Drive\\CAD Repository\\Washers\\STEP,edb250e8-ff8d-49de-8f76-508e261ff8b2,34.925,2.7685999999999997,34.925,2023.8373020184406,2209.213535839666,1.0915964112512124
H:\\My Drive\\CAD Repository\\Washers\\STEP,c9d41d5e-9077-41e3-9c6c-6980edef6087,7.924799999999999,0.8255,7.924799999999999,111.60130885626566,34.18199731384612,0.3062867063492063
H:\\My Drive\\CAD Repository\\Washers\\STEP,43f312c4-a867-4b4d-b3ba-b60e02fcd84c,7.1374,0.7619999999999999,7.1374,85.5322224716576,22.811443733191084,0.2667
H:\\My Drive\\CAD Repository\\Washers\\STEP,4b6b8bfe-bcf1-48a0-ac91-2f2066c881a3,7.924799999999999,0.7874,7.924799999999999,110.27272184607202,32.60436666859169,0.295670281124498
H:\\My Drive\\CAD Repository\\Washers\\STEP,907fd1a6-14cb-4912-9417-7f579e60a57e,3.9623999999999997,0.38099999999999995,3.9623999999999997,25.351588594206,3.4626443364803245,0.13658490566037734
H:\\My Drive\\CAD Repository\\Washers\\STEP,b868600f-abce-4643-9332-fdde1cd3d72b,2.7685999999999997,0.38099999999999995,2.7685999999999997,14.118897197572672,1.751399945391921,0.12404651162790692
H:\\My Drive\\CAD Repository\\Washers\\STEP,ad58107a-8ebb-4f72-9e23-363908f3bb4f,31.75,1.9811999999999999,31.75,1606.769416218165,1317.604125584201,0.8200331125827818
H:\\My Drive\\CAD Repository\\Washers\\STEP,11b0a0b7-b758-4827-a0c9-06e9f0654c50,44.449999999999996,3.4036,44.449999999999996,3286.0385385455993,4465.335014105646,1.3588809022556392
H:\\My Drive\\CAD Repository\\Washers\\STEP,c2b1840d-cdbb-472e-9799-6554fc9288d6,31.75,1.8287999999999998,31.75,1585.4877020960698,1216.2499620777237,0.7671140939597317
H:\\My Drive\\CAD Repository\\Washers\\STEP,0b112ba3-c24f-4935-9dfe-2f9d37ffb42b,23.4188,1.5239999999999998,23.4188,807.7352985246139,486.59496816146134,0.6024188481675392
H:\\My Drive\\CAD Repository\\Washers\\STEP,7124eeee-504a-4f71-b9e8-39b6e841accd,17.475199999999997,1.5239999999999998,17.475199999999997,485.271725901757,274.14505811891325,0.5649310344827586
H:\\My Drive\\CAD Repository\\Washers\\STEP,baf73126-22a4-4afc-8a74-f3229ab63960,15.875,1.5239999999999998,15.875,426.0234337858448,240.67385916253437,0.5649310344827587
H:\\My Drive\\CAD Repository\\Washers\\STEP,7f950b2b-fbaa-4cb3-8dcc-8e5546fbdc79,9.652,1.2827,9.652,176.1051709453771,77.62786813514397,0.4408040247678018
H:\\My Drive\\CAD Repository\\Washers\\STEP,c7c1e339-2542-4bee-a8d5-389afb1ba20c,29.514799999999997,2.4765,29.514799999999997,1351.7273273490637,1242.6186473666678,0.9192820343461029
H:\\My Drive\\CAD Repository\\Washers\\STEP,85d68fe6-29c8-4081-a78d-d1fa3c5b72f1,18.6436,1.6637,18.6436,586.1977215883967,372.114391545743,0.6347933092224232
H:\\My Drive\\CAD Repository\\Washers\\STEP,654d7e9f-b358-4826-8589-e484ba159b88,21.005799999999997,2.5654,21.005799999999997,775.3475698756597,669.462693200446,0.8634355987055016
H:\\My Drive\\CAD Repository\\Washers\\STEP,8762002b-14eb-4064-8027-7bb581ef825c,139.7,7.315199999999999,139.7,25793.817546588347,75928.74763256646,2.9436801084378175
H:\\My Drive\\CAD Repository\\Washers\\STEP,a2042251-c3ea-4c9c-8273-e9e32eec4ee4,63.5,3.2512,63.5,6114.97423336743,8438.27747319356,1.379936717827627
H:\\My Drive\\CAD Repository\\Washers\\STEP,0258cd73-2082-4dac-b474-b12be08b264c,12.7,1.016,12.7,259.69366352721676,101.94156719186563,0.39254545454545453
H:\\My Drive\\CAD Repository\\Washers\\STEP,11d004de-d88c-4e0f-9341-90bb327fdf7e,57.15,3.2512,57.15,5065.842478385812,6890.538262192305,1.3601959183673469
H:\\My Drive\\CAD Repository\\Washers\\STEP,f0c383f6-49e1-466d-8813-22c46fdae823,14.2748,1.016,14.2748,318.21635053306136,127.79968490413648,0.40161256544502616
H:\\My Drive\\CAD Repository\\Washers\\STEP,ce98a220-ece6-4cbd-9df9-f8746327881b,1.9811999999999999,0.38099999999999995,1.9811999999999999,8.131641624556643,0.8656610841200811,0.10645588235294114
H:\\My Drive\\CAD Repository\\Washers\\STEP,2ec970ce-2751-4427-853a-16a384140661,50.8,2.3621999999999996,50.8,3915.519212998505,3998.579515325597,1.0212131004366813
H:\\My Drive\\CAD Repository\\Washers\\STEP,1f77f667-4685-4d8a-b5d8-ad110af4d117,28.575,1.9811999999999999,28.575,1286.1502588192236,1019.5746209877743,0.7927336747759283
H:\\My Drive\\CAD Repository\\Washers\\STEP,e72b4103-4fe1-4499-8c63-26f646768822,15.875,1.5748,15.875,438.5705243832571,257.7619780741769,0.5877321063394685
H:\\My Drive\\CAD Repository\\Washers\\STEP,c3d49b70-2120-4e15-a110-4c975a5dddef,57.15,3.7591999999999994,57.15,5195.073153854839,7967.184865659853,1.533603980099502
H:\\My Drive\\CAD Repository\\Washers\\STEP,8aafdbef-f8cb-4f75-a87c-e10b2a983843,50.8,3.4036,50.8,4149.19648771894,5761.394140361614,1.3885565934065933
H:\\My Drive\\CAD Repository\\Washers\\STEP,5a1a027a-d82e-4323-af05-c1c275f26f43,10.447249517222186,2.6162000000000187,10.447249517222186,181.67039999233168,118.82152511498448,0.6540499999999997
H:\\My Drive\\CAD Repository\\Washers\\STEP,0e655236-2c17-4c6e-8398-07888677df7d,8.742698280201724,2.6162000000000187,8.742698280201724,141.00771118538373,92.22609350080023,0.65405
H:\\My Drive\\CAD Repository\\Washers\\STEP,985f8a4c-56fa-4c00-8c3e-04065cd21854,161.62994713618218,1.9456658506555868e-14,161.62994713618218,2589.205942619664,1150.9020414944334,0.44449999999999723
H:\\My Drive\\CAD Repository\\Washers\\STEP,99c96e0a-2a11-4654-8064-c932f5866593,92.8980424176152,1.9623191960249642e-14,92.8980424176152,1474.897996923492,655.5921596324979,0.4445000000000039
H:\\My Drive\\CAD Repository\\Washers\\STEP,5bebbfa1-bb1c-4d7a-b9b0-fc539dbe15ac,86.02485194575847,1.96787031114809e-14,86.02485194575847,1363.4672023538562,606.0611714462854,0.44449999999999723
H:\\My Drive\\CAD Repository\\Washers\\STEP,8b155364-007c-47a2-9cd5-c2ba04022316,39.617069879782036,2.020605904817785e-14,39.617069879782036,611.0864774197933,271.6279392130986,0.44450000000000084
H:\\My Drive\\CAD Repository\\Washers\\STEP,d561a7d3-5797-4720-91c7-a32aa6f5f327,25.87068893606862,2.0761170560490427e-14,25.87068893606862,388.2248882805521,172.56596284070474,0.4444999999999983
H:\\My Drive\\CAD Repository\\Washers\\STEP,2492a773-5536-4190-a2e8-d6b4bf7ea36b,22.434093700140274,2.1038726316646716e-14,22.434093700140274,332.50949099574365,147.800468747608,0.44449999999999984
H:\\My Drive\\CAD Repository\\Washers\\STEP,1c784a30-af67-4708-95db-4badab57cc67,18.997498464211922,2.1399548799649892e-14,18.997498464211922,276.794093710934,123.03497465451015,0.4444999999999999
H:\\My Drive\\CAD Repository\\Washers\\STEP,158ec452-db1d-4209-8b9f-59d74a78046f,6.9831615194064085,1.7780000000000193,6.9831615194064085,82.01306480323971,36.45480730504003,0.4444999999999997
H:\\My Drive\\CAD Repository\\Washers\\STEP,ca8c9493-b0e9-4703-815c-4ec1d731d6f8,58.752032153431074,2.0566881531181025e-14,58.752032153431074,1768.3876073979275,1560.8673216697766,0.8826499999999977
H:\\My Drive\\CAD Repository\\Washers\\STEP,a238dc93-0082-4162-b9f4-a756dda54987,12.344250087454636,3.5306000000000193,12.344250087454636,274.3744536002795,242.17661147028664,0.8826499999999998
H:\\My Drive\\CAD Repository\\Washers\\STEP,f1e29ccf-89b5-43af-a4d1-2ce58e963695,190.8822457844043,1.9512169657787126e-14,190.8822457844043,4486.012765153614,2934.0766490487185,0.6540499999999994
H:\\My Drive\\CAD Repository\\Washers\\STEP,0bc4d218-3900-4042-9e4d-70a53fcb2d29,142.7699124814074,1.9623191960249642e-14,142.7699124814074,3338.275581086535,2183.3991438096486,0.6540500000000001
H:\\My Drive\\CAD Repository\\Washers\\STEP,6d94ad13-facb-4b29-91f3-718334455792,135.8967220095507,1.9623191960249642e-14,135.8967220095507,3174.313126219791,2076.1595002040435,0.6540499999999967
H:\\My Drive\\CAD Repository\\Washers\\STEP,835a21d3-972f-4a9c-94d4-3b778b8e182d,108.40396012212389,1.9734214262712158e-14,108.40396012212389,2518.4633067529057,1647.2009257817363,0.6540499999999994
H:\\My Drive\\CAD Repository\\Washers\\STEP,b436e730-e87e-48b2-9cbf-534885eb32a5,79.20664699767664,1.992850329202156e-14,79.20664699767664,1821.9507984790555,1191.646919745226,0.6540499999999998
H:\\My Drive\\CAD Repository\\Washers\\STEP,f68d4909-5c76-41e9-a8a9-31224cc284db,68.89686128989158,2.0039525594484076e-14,68.89686128989158,1576.0071161789672,1030.7874543368548,0.6540500000000008
H:\\My Drive\\CAD Repository\\Washers\\STEP,c459ee26-3b9a-4d28-b695-9b2b296d1fe7,63.728222055055326,2.0122792321330962e-14,63.728222055055326,1452.7073501191833,950.1432423454493,0.6540499999999982
H:\\My Drive\\CAD Repository\\Washers\\STEP,fe7562d8-4d62-4df1-89b7-d6a7674e4361,27.630225696863935,2.142730437526552e-14,27.630225696863935,591.5765371591439,386.9206341289371,0.6540499999999984
H:\\My Drive\\CAD Repository\\Washers\\STEP,c9861ba1-ecb6-4bf4-9c6f-cdbf3c3e4c17,151.76004561859597,1.9984014443252818e-14,151.76004561859597,7100.370229976134,9468.34370167317,1.3334999999999992
H:\\My Drive\\CAD Repository\\Washers\\STEP,ce3d8d6b-0987-4afe-bcab-19c38eb8eb95,96.77452184374236,2.045585922871851e-14,96.77452184374236,4426.031160305273,5902.112552267079,1.3334999999999995
H:\\My Drive\\CAD Repository\\Washers\\STEP,768a4683-46d0-4736-9a7f-761987967df8,38.352402832960394,2.2620794126737565e-14,38.352402832960394,1584.5458987799846,2112.9919560231087,1.3334999999999997
H:\\My Drive\\CAD Repository\\Washers\\STEP,cae07d84-42ee-409d-9aed-8085e0c63487,33.18376359812415,5.334000000000019,33.18376359812415,1333.1580262309235,1777.7662279789365,1.3335000000000001
H:\\My Drive\\CAD Repository\\Washers\\STEP,ec32eaba-1852-4f23-bfe7-e32dbec6cb4d,24.606021889246993,5.334000000000019,24.606021889246993,915.9611313622695,1221.4341686715863,1.3335
H:\\My Drive\\CAD Repository\\Washers\\STEP,c8697361-ea22-49a4-b38d-4efb0406aa09,364.6090081510543,1.942890293094024e-14,364.6090081510543,11614.890176117617,10251.882813950167,0.8826499999999959
H:\\My Drive\\CAD Repository\\Washers\\STEP,cd734843-e566-4f73-91cc-abac0bafb90f,275.25753201691714,1.9484414082171497e-14,275.25753201691714,8738.383807727596,7712.9344678907255,0.8826499999999957
H:\\My Drive\\CAD Repository\\Washers\\STEP,c88c7228-1844-4007-97ca-e0560572548b,268.38434154506047,1.9512169657787126e-14,268.38434154506047,8517.11408708221,7517.630748963095,0.882649999999998
H:\\My Drive\\CAD Repository\\Washers\\STEP,d16ba6c6-ff4e-4140-8778-c17b0933ff6a,161.84988923128165,1.96787031114809e-14,161.84988923128165,5087.433417078744,4490.423105584554,0.88265
H:\\My Drive\\CAD Repository\\Washers\\STEP,c6495d18-b8cb-49ff-ba07-691239b8d96f,96.55457974864294,2.0011770018868447e-14,96.55457974864294,2985.371070947552,2635.037775771851,0.882649999999998
H:\\My Drive\\CAD Repository\\Washers\\STEP,9d4304da-2a2e-4713-a5ab-75fb91721d82,440.5715092460145,1.9567680809018384e-14,440.5715092460145,27579.121655980543,48160.04119175556,1.7462499999999832
H:\\My Drive\\CAD Repository\\Washers\\STEP,d5071f4c-3486-492c-9136-ca40a56b0614,200.00984273103006,1.9984014443252818e-14,200.00984273103006,12257.387402658196,21404.462751892035,1.746250000000013
H:\\My Drive\\CAD Repository\\Washers\\STEP,065f3fbe-dc0f-4c35-bf85-9c17587554cf,193.13665225917336,2.0011770018868447e-14,193.13665225917336,11819.623566848977,20640.01765361015,1.7462500000000105
H:\\My Drive\\CAD Repository\\Washers\\STEP,e2ffd5de-7d9b-4e67-845f-3deefb452325,145.02431895617642,2.0289325775024736e-14,145.02431895617642,8755.276716184364,15288.901965636938,1.7462499999999992
H:\\My Drive\\CAD Repository\\Washers\\STEP,011a8154-ccbf-47ca-95fd-f658c35954c2,93.47539041725115,2.09277040141842e-14,93.47539041725115,5472.047947615228,9555.563728523086,1.746249999999999
H:\\My Drive\\CAD Repository\\Washers\\STEP,91473913-7bad-4887-b964-06d7bdb85718,76.29241423760939,2.1344037648418634e-14,76.29241423760939,4377.638358092182,7644.450982818469,1.7462499999999992
H:\\My Drive\\CAD Repository\\Washers\\STEP,ee4b3348-0cfd-4210-bac7-d4fb37b0456f,724.7092033525705,1.9373391779708982e-14,724.7092033525705,34966.9833359465,46628.47227848444,1.333499999999994
H:\\My Drive\\CAD Repository\\Washers\\STEP,82e6ccd4-4f5f-49b2-a6e8-115b0f7b9ac7,450.1939759066139,1.9484414082171497e-14,450.1939759066139,21615.345530614726,28824.063265074612,1.3334999999999941
H:\\My Drive\\CAD Repository\\Washers\\STEP,7b9ab823-f11f-4422-9f4b-5602cc112986,223.92854557309133,1.9734214262712158e-14,223.92854557309133,10610.440258919138,14149.022085268627,1.333499999999996
H:\\My Drive\\CAD Repository\\Washers\\STEP,7ab9881e-fb2f-48a9-b615-8854428b0dd5,162.069831326381,1.992850329202156e-14,162.069831326381,7601.808805539419,10137.012042186801,1.3334999999999981
H:\\My Drive\\CAD Repository\\Washers\\STEP,d913fc6d-abda-4d46-b251-12cad327c84e,700.7905005105092,1.942890293094024e-14,700.7905005105092,44152.860479717434,77101.93261270573,1.746249999999981
H:\\My Drive\\CAD Repository\\Washers\\STEP,53795975-9086-4ba0-b48e-19073b6b2d95,508.753558726833,1.9512169657787126e-14,508.753558726833,31921.73890720796,55743.33656671132,1.7462499999999817
H:\\My Drive\\CAD Repository\\Washers\\STEP,2f573bd8-f3ba-4b9a-a1e5-d51080753cf1,453.76803495197936,1.9539925233402755e-14,453.76803495197936,28419.62822073424,49627.77578045655,1.746249999999978
H:\\My Drive\\CAD Repository\\Washers\\STEP,a8098c2f-a7d0-4f7f-955a-e0a7eda085ee,31.75,1.5748,31.75,1521.5239901796763,1021.8226627695328,0.6715784104389088
H:\\My Drive\\CAD Repository\\Washers\\STEP,48ce8118-2ace-4998-b4dd-12758f1ea914,22.224999999999998,1.27,22.224999999999998,738.6670154637917,386.6188351675733,0.5234007029876979
H:\\My Drive\\CAD Repository\\Washers\\STEP,8a55e7e1-7776-4296-b0b9-4b42e30a45f9,127.0,6.8326,127.0,19868.633639761752,52743.379431867565,2.6546052631578956
H:\\My Drive\\CAD Repository\\Washers\\STEP,3082ad42-6053-4d18-b7f9-3ae54cfaa30b,3.9623999999999997,0.635,3.9623999999999997,31.81312236765729,6.593490535157859,0.20725694444444442
H:\\My Drive\\CAD Repository\\Washers\\STEP,de68af75-4f57-4c71-8fb0-752b0441b4c3,26.9748,3.4798,26.9748,1299.567872865725,1491.495320995663,1.1476855900621117
H:\\My Drive\\CAD Repository\\Washers\\STEP,f1978ec5-03d5-42b7-9b50-dca1940c544a,16.256,1.6129,16.256,451.3811028698001,267.90388109128895,0.5935203742203742
H:\\My Drive\\CAD Repository\\Washers\\STEP,21c6a23f-9eee-4e51-916a-352ae024766d,120.64999999999999,5.6007,120.64999999999999,20333.157721224386,48022.869596412624,2.3618008700284094
H:\\My Drive\\CAD Repository\\Washers\\STEP,ed38eec6-d10a-4be8-bb9b-f5e343395ad8,12.7,1.2827,12.7,277.99999133205114,131.03066258117343,0.4713333333333333
H:\\My Drive\\CAD Repository\\Washers\\STEP,3b1769ce-7c81-4353-aa4b-f9ec8b645c19,69.85,3.175,69.85,6948.637753597464,9397.229845886333,1.3523844786729857
H:\\My Drive\\CAD Repository\\Washers\\STEP,9820977b-ccd2-40aa-aa49-4b52480754b4,26.9748,1.651,26.9748,1020.4683263040321,664.0390163325173,0.6507198697068405
H:\\My Drive\\CAD Repository\\Washers\\STEP,c736d906-8ce8-4c02-af95-d819540f811b,31.75,1.5748,31.75,1521.5239901796763,1021.8226627695328,0.6715784104389088
H:\\My Drive\\CAD Repository\\Washers\\STEP,3a0f4ffc-0245-4137-8b3f-044fc90aa79a,25.4,1.651,25.4,957.6771354942706,627.4305359924765,0.6551587301587302
H:\\My Drive\\CAD Repository\\Washers\\STEP,857b7bb0-b5ae-4b1e-8f59-c0e066fd505c,15.875,1.27,15.875,407.6603547433515,200.56154930211198,0.4919819819819821
H:\\My Drive\\CAD Repository\\Washers\\STEP,fcab8ddf-58d4-4044-8267-6a1f70dac50b,50.8,3.3274,50.8,4132.098150544274,5632.407704383369,1.3630866206896552
H:\\My Drive\\CAD Repository\\Washers\\STEP,4d39b0b5-3129-4185-a158-3009aba52769,4.7752,0.508,4.7752,37.51966199725331,6.574957202402391,0.17524031007751942
H:\\My Drive\\CAD Repository\\Washers\\STEP,1e9d451f-7d6a-400b-82d7-6c95d5adf0e6,69.85,3.9496999999999995,69.85,7474.821041361554,12310.570112641926,1.6469384410037367
H:\\My Drive\\CAD Repository\\Washers\\STEP,52bd512e-eab0-4a31-a482-74ed50dcc103,7.924799999999999,0.635,7.924799999999999,100.0088551494731,24.368436740200103,0.2436627906976744
H:\\My Drive\\CAD Repository\\Washers\\STEP,b8afc9ca-da9f-41c6-b70d-4518d9fa2764,31.75,2.2859999999999996,31.75,1495.0343365874176,1311.4232591102514,0.877186046511628
H:\\My Drive\\CAD Repository\\Washers\\STEP,5aea52f9-7975-4da5-ab10-c093dc7934c2,28.575,1.6637,28.575,1271.3067699265416,881.5044065890548,0.6933844980940279
H:\\My Drive\\CAD Repository\\Washers\\STEP,e51a94af-e8e8-4cac-80e9-03fe42f98c9b,15.875,1.6256,15.875,372.7259143044536,195.830607227399,0.5254011049723759
H:\\My Drive\\CAD Repository\\Washers\\STEP,417d3c89-ed19-4f0c-bed0-943916a28d8d,11.1252,0.7874,11.1252,192.93089949628865,60.10057358904672,0.31151346801346796
H:\\My Drive\\CAD Repository\\Washers\\STEP,a70a0185-415f-41ae-9151-dc9903a12475,6.35,0.7874,6.35,75.33422774734137,21.025924437011135,0.2791018779342722
H:\\My Drive\\CAD Repository\\Washers\\STEP,4d2864c7-3af6-4909-8fbf-9841afcdbc3a,38.099999999999994,2.7685999999999997,38.099999999999994,2353.78291727765,2608.462013576414,1.108199908508692
H:\\My Drive\\CAD Repository\\Washers\\STEP,070b8485-b5da-42ea-bf74-4e838244aa0a,56.972199999999994,4.1021,56.972199999999994,4631.833334729388,7146.947429243847,1.543006173312884
H:\\My Drive\\CAD Repository\\Washers\\STEP,ccda7138-1a68-458d-8439-c2bd4cbf87a4,273.3605314466847,1.942890293094024e-14,273.3605314466847,6453.5622235543215,4220.952372315686,0.6540499999999972
H:\\My Drive\\CAD Repository\\Washers\\STEP,72984023-4b0c-4cbb-adfa-a56d748a47ba,238.9945790874012,1.9456658506555868e-14,238.9945790874012,5633.749949220694,3684.754154287785,0.6540499999999981
H:\\My Drive\\CAD Repository\\Washers\\STEP,d1dd8092-a238-4d4a-89b3-0631ee4db0e9,225.2481981436878,1.9484414082171497e-14,225.2481981436878,5305.825039487243,3470.27486707664,0.6540500000000017
H:\\My Drive\\CAD Repository\\Washers\\STEP,0a6f17e4-5ade-4b0d-98bb-c5e20a245782,204.6286267281177,1.9484414082171497e-14,204.6286267281177,4813.937674887065,3148.555936259889,0.6540500000000008
H:\\My Drive\\CAD Repository\\Washers\\STEP,b169b8de-a6bb-4600-a298-4260a8cf47b4,75.77005176174829,1.9984014443252818e-14,75.77005176174829,1739.9695710456929,1138.0270979424351,0.6540499999999998
H:\\My Drive\\CAD Repository\\Washers\\STEP,da16f993-cf0a-434b-88d7-0cc7154f0c8f,55.12298758429073,2.0261570199409107e-14,55.12298758429073,1247.426356626044,815.879208551262,0.6540499999999982
H:\\My Drive\\CAD Repository\\Washers\\STEP,ff530c83-303e-4323-9a8b-4c6d19b18d74,43.10865063948523,2.0566881531181025e-14,43.10865063948523,960.8199855190088,628.424311528706,0.6540499999999981
H:\\My Drive\\CAD Repository\\Washers\\STEP,3591aa8b-b1dc-4b74-86d3-40343ce433c1,82.58825670983012,1.96787031114809e-14,82.58825670983012,1307.7518050690467,581.2956773531889,0.44449999999999823
H:\\My Drive\\CAD Repository\\Washers\\STEP,a1a699b4-3ab1-454f-b228-793e5688bfe5,24.166137699048164,2.0899948438568572e-14,24.166137699048164,360.59005122728763,160.28227777052928,0.4444999999999998
H:\\My Drive\\CAD Repository\\Washers\\STEP,8c5237ca-45db-4216-bd16-3652eed58be3,22.224999999999998,1.5748,22.224999999999998,779.3860284840666,488.3221975520512,0.6265472817133444
H:\\My Drive\\CAD Repository\\Washers\\STEP,2cd49abb-6cb0-4d80-afb4-61fc1e1834ce,28.042617125175344,5.334000000000019,28.042617125175344,1083.1073232166984,1444.3236155094667,1.3334999999999995
H:\\My Drive\\CAD Repository\\Washers\\STEP,18488932-bc66-4778-81fd-c39d259abce5,282.13072248877387,1.9484414082171497e-14,282.13072248877387,8959.65352837298,7908.238186818367,0.8826499999999949
H:\\My Drive\\CAD Repository\\Washers\\STEP,81d06a0a-a594-4100-b07d-acda9dcbdb7e,227.14519871392022,1.9567680809018384e-14,227.14519871392022,7189.495763209892,6345.808435397174,0.8826499999999948
H:\\My Drive\\CAD Repository\\Washers\\STEP,9f0326ed-e4dc-4a17-9561-fe652255b0dc,206.52562729835017,1.9595436384634013e-14,206.52562729835017,6525.686601273734,5759.897278614233,0.8826499999999957
H:\\My Drive\\CAD Repository\\Washers\\STEP,43074f8d-0f9b-4946-94f6-f17d40dc7b2e,165.28648446720993,1.96787031114809e-14,165.28648446720993,5198.068277401414,4588.07496504834,0.8826499999999966
H:\\My Drive\\CAD Repository\\Washers\\STEP,f3b01841-cb51-4844-ad0e-bfdfba85c2bb,106.864365456428,1.992850329202156e-14,106.864365456428,3317.275651915632,2927.993354163322,0.8826499999999968
H:\\My Drive\\CAD Repository\\Washers\\STEP,8ecd6e31-06f3-44e2-98c5-4bf7c01128ba,103.42777022049965,1.995625886763719e-14,103.42777022049965,3206.6407915929385,2830.341494699498,0.8826499999999972
H:\\My Drive\\CAD Repository\\Washers\\STEP,51d6be97-ee23-4481-aa04-71f9935838a2,93.11798451271459,2.0039525594484076e-14,93.11798451271459,2874.7362106248584,2537.3859163080256,0.882649999999998
H:\\My Drive\\CAD Repository\\Washers\\STEP,54f28722-54b2-4497-906d-2427938fd051,62.18862738935944,2.0483614804334138e-14,62.18862738935944,1879.0224677206204,1658.5191811336024,0.8826499999999983
H:\\My Drive\\CAD Repository\\Washers\\STEP,ff79546c-cb06-4225-aa01-cda219f5bbb0,29.52722626709639,2.2093438190040615e-14,29.52722626709639,827.548755213746,730.4359087894127,0.8826499999999998
H:\\My Drive\\CAD Repository\\Washers\\STEP,3100bd6a-9928-4782-a000-184f80eccf13,272.04087887608824,1.965094753586527e-14,272.04087887608824,12950.48694488114,17269.47434099896,1.3334999999999968
H:\\My Drive\\CAD Repository\\Washers\\STEP,8d050c3d-fbb8-4b55-b486-d0a6b0acab9c,258.29449793237484,1.96787031114809e-14,258.29449793237484,12281.902177463426,16377.916553647427,1.3334999999999957
H:\\My Drive\\CAD Repository\\Washers\\STEP,91188890-81fb-4e8a-b7f3-a7164330cdd3,210.18216462937792,1.9761969838327786e-14,210.18216462937792,9941.855491501421,13257.464297917111,1.3334999999999966
H:\\My Drive\\CAD Repository\\Washers\\STEP,5f4728cb-f270-4d58-a807-dab766476428,172.37961703416607,1.990074771640593e-14,172.37961703416607,8103.247381102706,10805.680382700431,1.3334999999999968
H:\\My Drive\\CAD Repository\\Washers\\STEP,c3e6daf6-28a7-4594-ad91-e5faf421f582,158.63323609045267,1.995625886763719e-14,158.63323609045267,7434.662613684991,9914.122595348921,1.3334999999999981
H:\\My Drive\\CAD Repository\\Washers\\STEP,25004e19-cc35-447a-ba5c-4ec91261c410,110.52090278745577,2.0289325775024736e-14,110.52090278745577,5094.615927722988,6793.670339618598,1.3334999999999986
H:\\My Drive\\CAD Repository\\Washers\\STEP,959f454d-bbbd-4f58-947d-81e6f3cd3493,89.90133137188566,2.0539125955565396e-14,89.90133137188566,4091.7387765964154,5456.3336585913175,1.3334999999999995
H:\\My Drive\\CAD Repository\\Washers\\STEP,f97fac7b-021f-4cee-9de4-743854499f5a,76.15495042817226,2.0816681711721685e-14,76.15495042817226,3423.1540091787006,4564.7758712397945,1.3334999999999992
H:\\My Drive\\CAD Repository\\Washers\\STEP,a4187ad4-1b2a-4d3f-a0be-a06aa440569e,58.97197424853051,2.1316282072803006e-14,58.97197424853051,2587.4230499065575,3450.328637050393,1.3334999999999995
H:\\My Drive\\CAD Repository\\Washers\\STEP,02ce143d-d1e0-4d84-8096-05c423a8e331,31.47921236110369,5.334000000000019,31.47921236110369,1250.253515071127,1667.2130623473472,1.3334999999999995
H:\\My Drive\\CAD Repository\\Washers\\STEP,e24dc5f1-b95a-41db-ad97-085ad0ee228a,186.26346178731666,2.0039525594484076e-14,186.26346178731666,11381.859731039754,19875.572555328305,1.7462500000000116
H:\\My Drive\\CAD Repository\\Washers\\STEP,9f606a1b-0230-48e8-b9d1-97c0bc32462a,165.64389037174652,2.015054789694659e-14,165.64389037174652,10068.56822361202,17582.237260482478,1.746249999999999
H:\\My Drive\\CAD Repository\\Washers\\STEP,c67b9cbc-f258-411f-a14e-e16b988653d4,107.22177136096454,2.067790383364354e-14,107.22177136096454,6347.575619233664,11084.453925086777,1.7462499999999985
H:\\My Drive\\CAD Repository\\Washers\\STEP,8cc7ce3b-75db-4a3c-88e1-ffd8e25ed187,103.78517612503619,2.0733414984874798e-14,103.78517612503619,6128.693701329055,10702.231375945856,1.7462499999999987
H:\\My Drive\\CAD Repository\\Washers\\STEP,e7ac9d13-87b2-4938-b3ae-3084cf5da1d8,83.16560470946608,2.1149748619109232e-14,83.16560470946608,4815.4021939014,8408.896081100314,1.7462499999999987
H:\\My Drive\\CAD Repository\\Washers\\STEP,c442b537-27da-496b-b7b6-087094f1fb9a,72.85581900168104,2.145505995088115e-14,72.85581900168104,4158.756440187573,7262.228433677547,1.7462499999999994
H:\\My Drive\\CAD Repository\\Washers\\STEP,aca2865f-856c-4705-9de2-5a8b299b18ef,697.2164414651437,1.940114735532461e-14,697.2164414651437,33629.813801111064,44845.356703781275,1.3334999999999901
H:\\My Drive\\CAD Repository\\Washers\\STEP,e6b6f24f-e694-4346-8737-bb03ce4e9528,423.2510692569357,1.9484414082171497e-14,423.2510692569357,20304.919386476005,27076.610001865687,1.3334999999999968
H:\\My Drive\\CAD Repository\\Washers\\STEP,59b001d3-6bd7-400c-8f62-ecc7a26ad9e9,395.7583073695089,1.9512169657787126e-14,395.7583073695089,18967.749851640572,25293.494427162652,1.3334999999999972
H:\\My Drive\\CAD Repository\\Washers\\STEP,83e98237-da68-4bb8-aca4-b252cb8eefa5,368.2655454820821,1.9539925233402755e-14,368.2655454820821,17630.580316805143,23510.378852459617,1.3334999999999977
H:\\My Drive\\CAD Repository\\Washers\\STEP,c75b68de-9040-4745-acb6-7a533416695e,344.34684264002084,1.965094753586527e-14,344.34684264002084,21450.427954651845,37457.80981581098,1.7462500000000092
H:\\My Drive\\CAD Repository\\Washers\\STEP,731d2542-0e41-4088-bd0c-2fdc4a7c144e,6.35,0.635,6.35,71.81463759753015,17.26688835051295,0.24043689320388345
H:\\My Drive\\CAD Repository\\Washers\\STEP,31a50ea1-5a1a-4b40-a5ff-4dbbe8dcb7f6,19.049999999999997,1.27,19.049999999999997,560.9900379182542,285.8277503472434,0.5095059288537551
H:\\My Drive\\CAD Repository\\Washers\\STEP,5447aa9a-ca73-4147-b622-d1cd0ee8a6f1,7.1374,0.8128,7.1374,87.24286692109077,24.33220664873716,0.27890196078431373
H:\\My Drive\\CAD Repository\\Washers\\STEP,0f7afc41-f8d8-4ca2-b8d1-9d56af56f0fc,19.049999999999997,1.27,19.049999999999997,520.1494151029958,255.90414016914065,0.4919819819819822
H:\\My Drive\\CAD Repository\\Washers\\STEP,fe443d64-b5d6-4751-a211-efd142bf4fde,9.524999999999999,0.7874,9.524999999999999,146.32394556890074,44.02720612724609,0.30088859315589356
H:\\My Drive\\CAD Repository\\Washers\\STEP,b11d703e-8ebd-458b-8862-746f50d3d132,50.8,3.175,50.8,3686.455003167774,4620.713791112839,1.2534301346801346
H:\\My Drive\\CAD Repository\\Washers\\STEP,99a686d5-edf7-48bc-81fa-47531924752e,76.19999999999999,3.556,76.19999999999999,7942.655949492604,11820.428868479927,1.4882211874272413
H:\\My Drive\\CAD Repository\\Washers\\STEP,021ac0ac-0935-4521-aae8-5fdf0fcf9cf2,7.924799999999999,0.7874,7.924799999999999,110.27272184607202,32.60436666859169,0.295670281124498
H:\\My Drive\\CAD Repository\\Washers\\STEP,025c4bce-ffcf-4e63-aec9-4e38033e9d39,12.7,1.016,12.7,257.3709164430338,100.51450056969443,0.3905433526011561
H:\\My Drive\\CAD Repository\\Washers\\STEP,28096f91-efd6-4385-9ff9-cca7695e7930,50.8,2.667,50.8,3787.269523209012,4216.544018529536,1.1133466981132076
H:\\My Drive\\CAD Repository\\Washers\\STEP,86cf84e2-bb74-4b98-9c74-7761a897bbc1,11.1252,0.8255,11.1252,194.8796964608976,63.008665859484466,0.32332083333333334
H:\\My Drive\\CAD Repository\\Washers\\STEP,fbf18376-587c-4f04-99df-0c14ad600917,7.924799999999999,0.8255,7.924799999999999,104.81548229619199,30.538299047825817,0.2913529411764706
H:\\My Drive\\CAD Repository\\Washers\\STEP,868ba9ec-d23b-4d10-acf9-3e6bc0565d8a,560.165023456321,1.942890293094024e-14,560.165023456321,26964.02366995644,35956.52556388663,1.3334999999999895
H:\\My Drive\\CAD Repository\\Washers\\STEP,c0842c70-f4c0-4102-a281-d827426a0221,477.6867377940407,1.9456658506555868e-14,477.6867377940407,22952.515065450152,30607.178839777716,1.3334999999999972
H:\\My Drive\\CAD Repository\\Washers\\STEP,b43d18c3-f2e6-45b7-bbfa-4c6822b8838c,182.6894027419511,1.9845236565174673e-14,182.6894027419511,8604.685956665991,11474.348723214081,1.333499999999998
H:\\My Drive\\CAD Repository\\Washers\\STEP,c28c4781-cccc-46ca-bb03-8e7443a4c6a1,285.7872598198017,1.9623191960249642e-14,285.7872598198017,13619.071712298855,18161.032128350478,1.3334999999999966
H:\\My Drive\\CAD Repository\\Washers\\STEP,7a3e4092-393e-423f-b34d-372f06700afc,155.33410466396148,2.020605904817785e-14,155.33410466396148,9411.922469898193,16435.56961305971,1.746249999999999
H:\\My Drive\\CAD Repository\\Washers\\STEP,27fc00b9-1422-4b48-b7fd-bf3e47c24819,426.8251283023012,1.9567680809018384e-14,426.8251283023012,26703.593984362502,46631.15099519325,1.7462500000000087
H:\\My Drive\\CAD Repository\\Washers\\STEP,ae71c685-f38d-48f9-ad1d-dadae296c160,134.5770694389542,2.0095036745715333e-14,134.5770694389542,6264.639270703989,8353.896467483753,1.3334999999999975
H:\\My Drive\\CAD Repository\\Washers\\STEP,9a9ebc9d-199c-4af4-826e-0f70ef38cd96,86.2447940408579,2.0122792321330962e-14,86.2447940408579,2653.466489979473,2342.0821973803745,0.8826499999999973
H:\\My Drive\\CAD Repository\\Washers\\STEP,4556d723-179d-497a-90e9-49b061618371,75.93500833307286,2.0233814623793478e-14,75.93500833307286,2321.561909011397,2049.126618988909,0.8826499999999997
H:\\My Drive\\CAD Repository\\Washers\\STEP,38685b81-c0a6-4a0d-9ee2-77709659730f,330.60046169630743,1.96787031114809e-14,330.60046169630743,20574.900283033403,35928.91961924728,1.7462500000000098
H:\\My Drive\\CAD Repository\\Washers\\STEP,fb0c56f3-3504-43a1-879d-082cc671e593,197.755436256261,1.9512169657787126e-14,197.755436256261,4649.975220020339,3041.316292654302,0.6540499999999998
H:\\My Drive\\CAD Repository\\Washers\\STEP,82c57c43-e06d-476a-ae73-f228de91dc23,175.95367607953156,2.0095036745715333e-14,175.95367607953156,10725.213977325844,18728.904907905246,1.7462499999999992
H:\\My Drive\\CAD Repository\\Washers\\STEP,11fd8b58-1a15-4309-adf1-0d944193dbcd,358.0932235837342,1.965094753586527e-14,358.0932235837342,22325.95562627029,38986.700012374764,1.746250000000012
H:\\My Drive\\CAD Repository\\Washers\\STEP,502b5de2-48cf-4a22-8f60-988ac450e5b4,114.09496183282124,2.0594637106796654e-14,114.09496183282124,6785.339455042883,11848.899023368624,1.7462499999999985
H:\\My Drive\\CAD Repository\\Washers\\STEP,c83d0aae-e8c6-40df-a29b-5770a2d5a73c,244.54811698866143,1.96787031114809e-14,244.54811698866143,11613.317410045707,15486.358766295909,1.3334999999999964
H:\\My Drive\\CAD Repository\\Washers\\STEP,a4112579-296e-4147-9dbc-186804c493b1,587.6577853437478,1.942890293094024e-14,587.6577853437478,28301.193204791874,37739.641138589766,1.333499999999993
H:\\My Drive\\CAD Repository\\Washers\\STEP,037599bd-4ea9-43e6-9eae-57968bee92c1,127.84134277653466,2.042810365310288e-14,127.84134277653466,7660.867126661318,13377.789219932321,1.7462499999999992
H:\\My Drive\\CAD Repository\\Washers\\STEP,e6e65e14-bf09-4e32-bb2b-2256747f8bdf,591.2318443891133,1.9484414082171497e-14,591.2318443891133,37174.904936918545,64916.677746093366,1.7462499999999828
H:\\My Drive\\CAD Repository\\Washers\\STEP,f8ba8c7f-47c0-4c55-9b21-554d1b4bb01e,34.50341616872063,2.095545958979983e-14,34.50341616872063,755.5389920258689,494.1602777345182,0.6540499999999982
H:\\My Drive\\CAD Repository\\Washers\\STEP,ef4b7598-5708-4c1b-ad4c-ca64d4d89648,48.24979711243404,2.042810365310288e-14,48.24979711243404,1083.4639017593188,708.6395649456803,0.654049999999998
H:\\My Drive\\CAD Repository\\Washers\\STEP,a784d3b0-1a5f-4710-afe6-d5a758efea6a,232.1213886155445,1.9456658506555868e-14,232.1213886155445,5469.787494353967,3577.5145106822133,0.6540500000000001
H:\\My Drive\\CAD Repository\\Washers\\STEP,7c3ff4f1-063c-438f-a4d7-4519be5ec535,240.89157965763366,1.9539925233402755e-14,240.89157965763366,7632.035204500663,6736.415873252462,0.8826499999999937
H:\\My Drive\\CAD Repository\\Washers\\STEP,ac337241-d258-4e1a-802a-ddb0df3a8a55,79.59154566410061,2.0733414984874798e-14,79.59154566410061,3590.3002010331297,4787.665318077675,1.333499999999999
H:\\My Drive\\CAD Repository\\Washers\\STEP,8257269b-61e8-4acb-ac6a-c2cd0d50d5ff,117.39409325931246,2.0233814623793478e-14,117.39409325931246,5428.9083114318455,7239.449233294354,1.3334999999999977
H:\\My Drive\\CAD Repository\\Washers\\STEP,fec68996-1414-4f3b-9ec5-4457798ef4ee,13.883844753150537,2.6162000000000187,13.883844753150537,263.65162742569436,172.4413469177753,0.6540499999999996
H:\\My Drive\\CAD Repository\\Washers\\STEP,75b6c6dd-7696-4aab-afc3-72ed90311480,29.362269695771825,2.1288526497187377e-14,29.362269695771825,632.8950757855586,413.9450243175437,0.6540499999999986
H:\\My Drive\\CAD Repository\\Washers\\STEP,05056938-d881-42e8-bb8d-fb6064909a8d,137.79372257978315,1.9761969838327786e-14,137.79372257978315,4312.9893948198705,3806.8600893377447,0.8826499999999967
H:\\My Drive\\CAD Repository\\Washers\\STEP,dfbdf757-9e1c-4fc2-9011-da803965104f,446.29000371859934,1.940114735532461e-14,446.29000371859934,14244.45953626739,12572.872209686337,0.8826499999999947
H:\\My Drive\\CAD Repository\\Washers\\STEP,d8a19cc6-1938-4cc9-8761-3512330e9e87,36.23546016762853,2.0844437287337314e-14,36.23546016762853,796.8575306522838,521.1846679231247,0.6540499999999981
H:\\My Drive\\CAD Repository\\Washers\\STEP,a77679a5-f867-4360-bbae-3d767538fb65,220.27200824206358,1.9567680809018384e-14,220.27200824206358,6968.226042564505,6150.504716469522,0.8826499999999944
H:\\My Drive\\CAD Repository\\Washers\\STEP,fc4a197c-8b05-46f6-b37a-d7cfb06b6daa,252.74096003111464,1.9456658506555868e-14,252.74096003111464,5961.674858954147,3899.233441498948,0.6540499999999981
H:\\My Drive\\CAD Repository\\Washers\\STEP,04399ba5-da99-4670-8742-8277b96ad095,213.39881777020688,1.9567680809018384e-14,213.39881777020688,6746.956321919119,5955.200997541866,0.8826499999999935
H:\\My Drive\\CAD Repository\\Washers\\STEP,7b4b1e02-c90d-49fb-a857-ce7d244f85ab,218.37500767183113,1.9484414082171497e-14,218.37500767183113,5141.862584620516,3363.0352234710454,0.6540499999999994
H:\\My Drive\\CAD Repository\\Washers\\STEP,9488d2cb-75e2-422f-95fa-415b1ef4e168,65.98262852982432,2.170486013142181e-14,65.98262852982432,3720.9926043783544,6497.7833353957,1.7462499999999996
H:\\My Drive\\CAD Repository\\Washers\\STEP,bfe44d3b-bc94-4d44-8f47-e31206de5eda,148.3234503826676,2.0011770018868447e-14,148.3234503826676,6933.224038121704,9245.454254835282,1.3334999999999984
H:\\My Drive\\CAD Repository\\Washers\\STEP,3ea97585-ce9d-4c3d-805d-4a76bd82205d,165.50642656230937,1.992850329202156e-14,165.50642656230937,7768.954997393847,10359.901489024678,1.3334999999999977
H:\\My Drive\\CAD Repository\\Washers\\STEP,a252d8cd-97f3-4304-ab79-9273ef63e94a,103.64771231559907,2.0372592501871623e-14,103.64771231559907,4760.323544014131,6347.891445942834,1.3334999999999981
H:\\My Drive\\CAD Repository\\Washers\\STEP,82318901-91dd-4775-8f5f-6ab87f46335d,58.53209005833166,1.9872992140790302e-14,58.53209005833166,917.7440240753809,407.9372187015048,0.4444999999999978
H:\\My Drive\\CAD Repository\\Washers\\STEP,0c0436f1-8124-45bb-8ca0-b33d64ae26e8,147.8835661924688,1.9484414082171497e-14,147.8835661924688,2366.3443534804255,1051.840065122045,0.44449999999999823
H:\\My Drive\\CAD Repository\\Washers\\STEP,5fed8e08-60c9-4aea-a024-f96b059f5de1,7.010654281293831,2.6162000000000187,7.010654281293831,99.68917255896886,65.20170331219356,0.6540499999999997
H:\\My Drive\\CAD Repository\\Washers\\STEP,5641fc47-4527-41ab-9d86-cddcf55e6543,234.01838918577695,1.9539925233402755e-14,234.01838918577695,7410.765483855278,6541.112154324806,0.8826499999999926
H:\\My Drive\\CAD Repository\\Washers\\STEP,395a4863-2bba-492c-a548-d9e2d7d1f4fc,337.1162462636275,1.9456658506555868e-14,337.1162462636275,10729.81129353607,9470.667938239574,0.8826499999999965
H:\\My Drive\\CAD Repository\\Washers\\STEP,ef99faea-55bf-4160-a6bb-e7eda9112c86,728.283262397936,1.942890293094024e-14,728.283262397936,45903.91582295428,80159.71300583333,1.7462499999999872
H:\\My Drive\\CAD Repository\\Washers\\STEP,509211d2-7082-4af1-8338-ed77a1fee5de,413.0787473585877,1.9595436384634013e-14,413.0787473585877,25828.066312743686,45102.260798628224,1.746249999999983
H:\\My Drive\\CAD Repository\\Washers\\STEP,5225589b-7a8b-4b17-b2d4-139581ab505d,179.39027131545996,2.0067281170099704e-14,179.39027131545996,10944.095895230535,19111.12745704644,1.7462500000000107
H:\\My Drive\\CAD Repository\\Washers\\STEP,db2a0100-3421-4cc4-a2c1-63b611a54d9b,124.4047475406063,2.0483614804334138e-14,124.4047475406063,7441.985208756709,12995.566670791395,1.746249999999999
H:\\My Drive\\CAD Repository\\Washers\\STEP,c5f702a5-e2bf-4988-8e2f-173ae5f77584,532.6722615688943,1.942890293094024e-14,532.6722615688943,25626.854135121015,34173.40998918374,1.3334999999999948
H:\\My Drive\\CAD Repository\\Washers\\STEP,9d6a50fd-745a-46ce-b9b1-b610f6dc58c8,327.02640265094186,1.9567680809018384e-14,327.02640265094186,15624.826014552,20835.705490405046,1.333499999999997
H:\\My Drive\\CAD Repository\\Washers\\STEP,b2beaa26-3e70-4a4a-becb-ec44ece9839b,313.28002170722846,1.9595436384634013e-14,313.28002170722846,14956.241247134283,19944.14770305353,1.3334999999999977
H:\\My Drive\\CAD Repository\\Washers\\STEP,14f491ed-2ff0-47c7-b53f-e769c7548e71,265.16768840423157,1.965094753586527e-14,265.16768840423157,12616.194561172282,16823.695447323196,1.3334999999999966
H:\\My Drive\\CAD Repository\\Washers\\STEP,8d24e750-1dfb-43fb-b193-94f987ed1374,217.05535510123462,1.9761969838327786e-14,217.05535510123462,10276.147875210278,13703.24319159289,1.3334999999999986
H:\\My Drive\\CAD Repository\\Washers\\STEP,fa602b06-6edd-48f3-8987-7ad266f48d27,196.43578368566452,1.9817480989559044e-14,196.43578368566452,9273.270724083706,12365.906510565605,1.3334999999999981
H:\\My Drive\\CAD Repository\\Washers\\STEP,67d37e66-7c5c-42f1-ba9b-fccbc0217935,189.56259321380782,1.9817480989559044e-14,189.56259321380782,8938.97834037485,11920.127616889844,1.333499999999998
H:\\My Drive\\CAD Repository\\Washers\\STEP,f3159e85-7c63-4168-8acf-5a4cdeca40d6,175.8162122700944,1.9872992140790302e-14,175.8162122700944,8270.393572957133,11028.569829538326,1.3334999999999988
H:\\My Drive\\CAD Repository\\Washers\\STEP,2137f07f-f4e0-4328-aa3e-e18825e859f0,168.94302179823774,1.990074771640593e-14,168.94302179823774,7936.1011892482775,10582.790935862566,1.3334999999999984
H:\\My Drive\\CAD Repository\\Washers\\STEP,757c555a-b191-49c6-930f-998eb358ec01,144.88685514673924,2.0011770018868447e-14,144.88685514673924,6766.077846267274,9022.564807997403,1.333499999999999
H:\\My Drive\\CAD Repository\\Washers\\STEP,a6566b72-1262-4a71-9859-9ab2c1e80615,100.21111707967071,2.040034807748725e-14,100.21111707967071,4593.177352159702,6125.001999104954,1.333499999999998
H:\\My Drive\\CAD Repository\\Washers\\STEP,1549fa9a-85ea-49ef-bfbe-4d365e447bfb,83.02814090002896,2.067790383364354e-14,83.02814090002896,3757.446392887558,5010.554764915553,1.3334999999999986
H:\\My Drive\\CAD Repository\\Washers\\STEP,1bad8af3-7309-43fa-8647-fbc9c3678631,26.31057312626745,5.334000000000019,26.31057312626745,998.8656425220659,1331.9873343031745,1.3334999999999997
H:\\My Drive\\CAD Repository\\Washers\\STEP,deb918f9-5488-4c87-aee1-eb73044ffe36,22.8739778903391,5.334000000000019,22.8739778903391,831.7194506676371,1109.097887465294,1.3335
H:\\My Drive\\CAD Repository\\Washers\\STEP,18da2d83-7181-4c33-9cd7-3203526ec635,323.369865319914,1.9456658506555868e-14,323.369865319914,10287.271852245298,9080.060500384263,0.8826499999999952
H:\\My Drive\\CAD Repository\\Washers\\STEP,d6cdaf4f-cbcf-4c91-b0f8-18817a6a0745,309.6234843762006,1.9456658506555868e-14,309.6234843762006,9844.732410954526,8689.453062528963,0.8826499999999949
H:\\My Drive\\CAD Repository\\Washers\\STEP,424db810-5c27-4463-b47d-5d5707283ff0,261.51115107320373,1.9512169657787126e-14,261.51115107320373,8295.84436643682,7322.327030035423,0.8826499999999956
H:\\My Drive\\CAD Repository\\Washers\\STEP,3a787eeb-e8de-49c9-b3e4-7bfbf494bb81,158.41329399535326,1.970645868709653e-14,158.41329399535326,4976.798556756028,4392.771246120691,0.8826499999999966
H:\\My Drive\\CAD Repository\\Washers\\STEP,2a3f6c49-61b0-4ca8-b5cf-4b66b364ecb2,113.7375559282847,1.990074771640593e-14,113.7375559282847,3538.545372561034,3123.297073090998,0.8826500000000003
H:\\My Drive\\CAD Repository\\Washers\\STEP,85a386a9-14e0-462e-b5f5-a8c2d6b19980,99.99117498457129,1.9984014443252818e-14,99.99117498457129,3096.0059312702447,2732.6896352356753,0.882649999999998
H:\\My Drive\\CAD Repository\\Washers\\STEP,74dbc1b3-92d8-4fc0-89a1-d8df79b42296,79.3716035690012,2.020605904817785e-14,79.3716035690012,2432.1967693340907,2146.778478452732,0.8826499999999987
H:\\My Drive\\CAD Repository\\Washers\\STEP,88022793-95db-4be7-956f-8db20f624dbc,65.62522262528779,2.042810365310288e-14,65.62522262528779,1989.6573280433174,1756.1710405974322,0.882649999999999
H:\\My Drive\\CAD Repository\\Washers\\STEP,41c19a7e-ffeb-4dfc-be14-629fb8d616f4,39.83701197488144,2.1260770921571748e-14,39.83701197488144,1159.453336181826,1023.391487180888,0.8826499999999994
H:\\My Drive\\CAD Repository\\Washers\\STEP,a1affaa8-6357-4eb5-9c75-35bae8036400,34.69586550193263,2.1593837828959295e-14,34.69586550193263,993.9435851390765,877.3043054230056,0.8826499999999997
H:\\My Drive\\CAD Repository\\Washers\\STEP,daaab157-d5b4-492d-86d0-419f979e01ca,32.96382150302474,2.1760371282653068e-14,32.96382150302474,938.1836155364393,828.0877682532381,0.8826499999999999
H:\\My Drive\\CAD Repository\\Washers\\STEP,c4650100-d1e5-4a6f-a07e-cccc555f27e5,26.09063103116804,2.2537527399890678e-14,26.09063103116804,716.9138948910529,632.7840493255876,0.8826499999999997
H:\\My Drive\\CAD Repository\\Washers\\STEP,f0a2d6e4-e9bd-41b8-86b6-a6703a51736f,20.94948455821923,2.350897254643769e-14,20.94948455821923,551.4041438483035,486.6968675677051,0.88265
H:\\My Drive\\CAD Repository\\Washers\\STEP,fc1c26c7-140d-45f7-869b-262c40ec2279,15.780845323382987,3.5306000000000193,15.780845323382987,385.00931392297275,339.82847093411186,0.8826499999999999
H:\\My Drive\\CAD Repository\\Washers\\STEP,b5d66193-49dc-45c4-83eb-ef9e11992ff6,14.076294086362525,3.5306000000000193,14.076294086362525,330.1344232029169,291.3931486400545,0.8826499999999997
H:\\My Drive\\CAD Repository\\Washers\\STEP,a2bdac10-cd8e-43f0-bc12-8044211d6e37,177.1358648406909,1.9539925233402755e-14,177.1358648406909,4158.087855420164,2719.5973618375497,0.654049999999998
H:\\My Drive\\CAD Repository\\Washers\\STEP,21e052ff-09aa-411c-b234-bf401aa6730c,156.5162934251208,1.9567680809018384e-14,156.5162934251208,3666.2004908199865,2397.8784310208116,0.6540499999999998
H:\\My Drive\\CAD Repository\\Washers\\STEP,1db2fea6-1901-4fb2-b91d-4eb19bb7dca8,84.34779347062543,1.990074771640593e-14,84.34779347062543,1944.5947147193588,1271.8621731621913,0.6540499999999972
H:\\My Drive\\CAD Repository\\Washers\\STEP,aa61c7f2-4356-430a-8f1a-cec25fed0dbc,67.16481729098369,2.0067281170099704e-14,67.16481729098369,1534.6885775525523,1003.7630641482473,0.6540500000000004
H:\\My Drive\\CAD Repository\\Washers\\STEP,e057119e-d046-47c2-8d3e-fff0aff92e08,62.02367081803489,2.015054789694659e-14,62.02367081803489,1412.0446613122413,923.5478107312726,0.6540500000000009
H:\\My Drive\\CAD Repository\\Washers\\STEP,3eda6bcc-4b8f-4512-ac6e-af4522b59758,56.85503158319863,2.0233814623793478e-14,56.85503158319863,1288.7448952524587,842.9035987398682,0.6540499999999981
H:\\My Drive\\CAD Repository\\Washers\\STEP,8b222b09-0a29-43b4-bae9-1a132773a281,51.6863923483624,2.0344836926255994e-14,51.6863923483624,1165.445129192686,762.2593867484771,0.6540500000000008
H:\\My Drive\\CAD Repository\\Washers\\STEP,ed7970f0-1890-4ba7-8685-ac9e3f2fd99c,32.79886493170018,2.1038726316646716e-14,32.79886493170018,714.8763032189224,467.56484612033586,0.6540499999999995
H:\\My Drive\\CAD Repository\\Washers\\STEP,1806aa36-0a11-40e6-945f-d4ff6b518af0,175.3763280798956,1.942890293094024e-14,175.3763280798956,2812.0675317588775,1249.9640178668026,0.44449999999999346
H:\\My Drive\\CAD Repository\\Washers\\STEP,f27769d2-4e6d-452a-a33a-d718b291695a,168.50313760803888,1.9456658506555868e-14,168.50313760803888,2700.6367371892816,1200.433029680629,0.44449999999999756
H:\\My Drive\\CAD Repository\\Washers\\STEP,7e0beb3f-2377-4c4d-8c03-1a1cd4f57df4,72.27847100204508,1.9761969838327786e-14,72.27847100204508,1140.6056132146248,506.9991950739009,0.4445000000000002
H:\\My Drive\\CAD Repository\\Washers\\STEP,6d779287-6854-4a59-9617-e83319a1616a,51.65889958647497,1.9984014443252818e-14,51.65889958647497,806.3132295057667,358.4062305153137,0.44450000000000056
H:\\My Drive\\CAD Repository\\Washers\\STEP,ef77ec8d-8bb7-472a-bd95-9a71129e0eb6,51.56199999999999,4.064,51.56199999999999,4023.0739559266967,6132.760119893654,1.5243965651834508
H:\\My Drive\\CAD Repository\\Washers\\STEP,0725ed01-1e1a-4a76-ab84-ab6408fe29ad,20.6248,1.6637,20.6248,662.8402680467678,416.8748097797575,0.6289219739292365
H:\\My Drive\\CAD Repository\\Washers\\STEP,c253dd8b-bbdb-4f65-9628-735007326022,26.9748,2.4765,26.9748,1172.0326406217594,1061.4656481538477,0.9056621900826446
H:\\My Drive\\CAD Repository\\Washers\\STEP,92d07a2d-721c-4b26-b59d-e95bc6bbfee4,82.55,3.7591999999999994,82.55,9848.873271218059,15833.772654456288,1.6076735092864127
H:\\My Drive\\CAD Repository\\Washers\\STEP,c6590d89-b99e-4d9f-91c5-f79669a9f7e9,15.875,1.27,15.875,407.6603547433515,200.56154930211198,0.4919819819819821
H:\\My Drive\\CAD Repository\\Washers\\STEP,f39613a5-99cf-4e9c-9c6e-e4955ddca280,85.725,4.7498,85.725,9970.483066201461,18953.228575711197,1.9009338313767348
H:\\My Drive\\CAD Repository\\Washers\\STEP,158d3073-9533-401a-aae4-b8c7d9991c77,88.89999999999999,3.556,88.89999999999999,10594.256187609808,16156.58521476147,1.5250325203252038
H:\\My Drive\\CAD Repository\\Washers\\STEP,5b7ee0c5-4c9b-4c0c-a079-5409c800c579,2.7685999999999997,0.4064,2.7685999999999997,14.44724364402785,1.8681599417513826,0.12930909090909087
H:\\My Drive\\CAD Repository\\Washers\\STEP,c7598045-5a1c-42f2-b521-7d5d9a8bfa46,22.224999999999998,1.8287999999999998,22.224999999999998,815.7990413469711,579.1666486084397,0.7099378881987577
H:\\My Drive\\CAD Repository\\Washers\\STEP,b79a312a-85c9-4b1d-8951-5f72a4ef834b,6.35,0.7239,6.35,74.2549408168637,19.684252719584766,0.26509014084507043
H:\\My Drive\\CAD Repository\\Washers\\STEP,44e1c6a0-928c-485e-a756-aef7e11c1535,28.575,1.5748,28.575,1233.452680993084,810.4311089902822,0.6570427236315085
H:\\My Drive\\CAD Repository\\Washers\\STEP,c217a750-f0a7-4f40-9ae8-4b4c2520934a,11.1252,0.9143999999999999,11.1252,200.43321043180617,70.35438447303993,0.3510116129032257
H:\\My Drive\\CAD Repository\\Washers\\STEP,8d0851c7-49c3-485d-9dcc-85d204ed8d87,11.1252,1.2827,11.1252,222.67361510435356,101.71775145810338,0.45680199430199425
H:\\My Drive\\CAD Repository\\Washers\\STEP,05ada531-4fe0-4e2a-bf85-8a66a313aea6,29.362399999999997,2.4765,29.362399999999997,1342.5214658688199,1234.1558642972013,0.9192820343461032
H:\\My Drive\\CAD Repository\\Washers\\STEP,52f86653-d0c9-46e1-88bc-0e7c54c3db0c,33.324799999999996,2.4765,33.324799999999996,1697.2349427063152,1620.0356828211504,0.9545146886016457
H:\\My Drive\\CAD Repository\\Washers\\STEP,18ebd76f-23f5-44ff-b07a-43a4677c1667,17.475199999999997,1.0795000000000001,17.475199999999997,490.6185032211939,220.50235354147532,0.44943749999999993
H:\\My Drive\\CAD Repository\\Washers\\STEP,5d4e5623-3e05-421d-aba9-5799135b4d54,9.524999999999999,0.7874,9.524999999999999,146.89956526515547,44.30330130382272,0.30158905660377366
H:\\My Drive\\CAD Repository\\Washers\\STEP,b03815a1-fe74-4d01-af5f-f6f37248c9cc,82.55,3.556,82.55,9771.85373439524,14977.893051512707,1.5327586206896555
H:\\My Drive\\CAD Repository\\Washers\\STEP,34e61b87-b8ce-4b47-9a4f-8d77c9e433d1,51.1048,3.9751,51.1048,3912.3755997981843,5830.477627281686,1.4902653077537966
H:\\My Drive\\CAD Repository\\Washers\\STEP,ffa135f7-2361-4d79-8de0-3162b62856dd,15.875,1.5239999999999998,15.875,434.98303543124683,249.44707555565503,0.5734639175257732
H:\\My Drive\\CAD Repository\\Washers\\STEP,fa01f8f9-9c2e-43ab-84d4-d989f28e014f,22.224999999999998,1.6256,22.224999999999998,687.419634442829,412.18132048165444,0.5996065573770494
H:\\My Drive\\CAD Repository\\Washers\\STEP,1d954bb5-9cf5-4f98-bef3-bf602378f549,2.7685999999999997,0.38099999999999995,2.7685999999999997,14.340835073417376,1.8110541101985902,0.12628651685393252
H:\\My Drive\\CAD Repository\\Washers\\STEP,d6f8eb84-4963-4022-9d4f-108b6493f528,7.1374,0.635,7.1374,85.74605302783675,20.773098889338605,0.2422630331753555
H:\\My Drive\\CAD Repository\\Washers\\STEP,01e84965-da62-4876-9a9e-061485dfc6b0,69.85,3.175,69.85,6948.637753597464,9397.229845886333,1.3523844786729857
H:\\My Drive\\CAD Repository\\Washers\\STEP,79d56068-3083-4fd0-b8d8-99be73ea73a7,31.75,1.8541999999999998,31.75,1553.7404517006953,1195.0713435713994,0.7691576429404903
H:\\My Drive\\CAD Repository\\Washers\\STEP,48cd829e-d4cf-45a5-b08b-48837fd30f93,95.25,4.648199999999999,95.25,13187.568850991474,25908.05474775088,1.9645815722738804
H:\\My Drive\\CAD Repository\\Washers\\STEP,4ae4ffd4-c5a5-4648-87b0-6b5531027570,23.622,1.6637,23.622,834.3749375306854,538.9147274097779,0.6458903583617749
H:\\My Drive\\CAD Repository\\Washers\\STEP,cbad5d5b-e810-464e-b645-9c801aa0600e,63.5,3.175,63.5,5837.9349594157475,7784.411609136443,1.333418693982075
H:\\My Drive\\CAD Repository\\Washers\\STEP,b582349e-0ee8-4a20-8847-65e0de5a3a12,37.91251864276157,2.0261570199409107e-14,37.91251864276157,583.4516403665276,259.34425414292195,0.44450000000000073
H:\\My Drive\\CAD Repository\\Washers\\STEP,82827205-e282-4c19-8367-c232dd30f9dd,9.524999999999999,0.9524999999999999,9.524999999999999,164.67993070668666,60.3298592300458,0.36634615384615393
H:\\My Drive\\CAD Repository\\Washers\\STEP,7ad51c30-5dca-4ebe-b886-c4ea40fbffd7,47.625,2.8956,47.625,3515.4523765369086,4190.798825443374,1.1921079783113868
H:\\My Drive\\CAD Repository\\Washers\\STEP,9af6fec5-68cc-4be7-8193-eaab75482ca2,9.524999999999999,0.7874,9.524999999999999,152.93647817112307,47.24898148975515,0.30894513888888897
H:\\My Drive\\CAD Repository\\Washers\\STEP,dc361889-79e0-4899-8003-74964c478a70,12.124307992355222,1.7780000000000193,12.124307992355222,165.36329914131485,73.50398646831441,0.44449999999999973
H:\\My Drive\\CAD Repository\\Washers\\STEP,3e23b2c2-1ce3-41f8-9599-589d823fca5f,7.835437137916639,1.7780000000000193,7.835437137916639,95.83048332987248,42.5966498401283,0.44449999999999984
H:\\My Drive\\CAD Repository\\Washers\\STEP,bead9f43-58ef-489e-88ee-1c610cdb01c6,63.5,3.6575999999999995,63.5,6230.487323962328,9493.062157342756,1.5236468134414833
H:\\My Drive\\CAD Repository\\Washers\\STEP,90158ae2-0245-4cb3-b22c-99a8a700ae59,15.875,1.0287,15.875,426.7834950044911,185.1902154758296,0.433920752895753
H:\\My Drive\\CAD Repository\\Washers\\STEP,ff8d5e2b-26d1-450f-a9e0-a211fd0dadea,44.449999999999996,2.3749,44.449999999999996,2920.915263257524,2891.908887053448,0.9900694222222225
H:\\My Drive\\CAD Repository\\Washers\\STEP,81e8ee60-e711-410a-9612-1ee3acba2d25,3.9623999999999997,0.3683,3.9623999999999997,25.37388372328629,3.406194893795956,0.13424018691588785
H:\\My Drive\\CAD Repository\\Washers\\STEP,8b01e9e7-c5a4-4324-9bf4-daef0703e35d,3.9623999999999997,0.38099999999999995,3.9623999999999997,25.351588594206,3.4626443364803245,0.13658490566037734
H:\\My Drive\\CAD Repository\\Washers\\STEP,22e1260d-f643-4d22-80f2-64078852a1a6,101.6,4.7498,101.6,13959.917726005839,27640.125006245493,1.9799633170297908
H:\\My Drive\\CAD Repository\\Washers\\STEP,fd1e27e9-f1d8-489e-ac75-8e44a70deb4f,69.85,3.556,69.85,6589.730765662958,9572.337664500603,1.452614379084967
H:\\My Drive\\CAD Repository\\Washers\\STEP,6bf54d98-42f0-4f4b-8103-592badffb157,63.5,3.175,63.5,5837.9349594157475,7784.411609136443,1.333418693982075
H:\\My Drive\\CAD Repository\\Washers\\STEP,b7d03a8f-649d-4451-b95f-565d8dd70f2f,38.099999999999994,1.9049999999999998,38.099999999999994,1963.4468912446418,1535.4248410148434,0.7820047732696898
H:\\My Drive\\CAD Repository\\Washers\\STEP,efd2f42e-8b1e-4904-9305-7db6cde23f27,31.75,1.5748,31.75,1521.5239901796763,1021.8226627695328,0.6715784104389088
H:\\My Drive\\CAD Repository\\Washers\\STEP,aaaa6b45-edc9-4678-a207-1b074bcf0de1,2.7685999999999997,0.38099999999999995,2.7685999999999997,14.340835073417376,1.8110541101985902,0.12628651685393252
H:\\My Drive\\CAD Repository\\Washers\\STEP,0e125aaa-6429-4186-b614-587d5ce27b78,69.85,4.1655999999999995,69.85,6796.467417134736,11213.309835557848,1.6498732572877057
H:\\My Drive\\CAD Repository\\Washers\\STEP,de8671d1-e96d-4e78-a803-0dc43c6d0d80,57.15,3.4036,57.15,4497.53558446939,6036.203515496851,1.3421135646687694
H:\\My Drive\\CAD Repository\\Washers\\STEP,f382177d-f3ce-46bb-a383-bfc230b0be3f,9.56748113682453,1.7780000000000193,9.56748113682453,123.91104356141652,55.078458863049626,0.44449999999999984
H:\\My Drive\\CAD Repository\\Washers\\STEP,c7fab052-3ad3-43a7-8376-98771ac08a60,5.7734799963596295,1.7780000000000193,5.7734799963596295,62.401244958986744,27.7373533842696,0.4444999999999999
H:\\My Drive\\CAD Repository\\Washers\\STEP,361814c7-840f-4057-8a6f-34f8734c8895,2.9967110457295387,1.0160000000000193,2.9967110457295387,17.574228172122947,4.463853955719228,0.25399999999999995
H:\\My Drive\\CAD Repository\\Washers\\STEP,65eacf8e-0c2c-458c-ae4f-8fb5ce78cad7,31.75,1.9685,31.75,1548.007563282186,1243.4816056730945,0.8032787663107951
H:\\My Drive\\CAD Repository\\Washers\\STEP,a04cbbbd-8250-4049-bcb2-a3fcbed7dee8,12.7,1.0287,12.7,285.20334485490116,119.50385627390881,0.4190128146453089
H:\\My Drive\\CAD Repository\\Washers\\STEP,e7d9116e-533c-483b-a470-b88dcd97cbcb,47.625,2.5907999999999998,47.625,3450.0992727128296,3749.66210697565,1.0868273086029994
H:\\My Drive\\CAD Repository\\Washers\\STEP,c8d87c7b-9c5b-4fb2-8864-2e90e8c8f45e,12.7,1.016,12.7,259.69366352721676,101.94156719186563,0.39254545454545453
H:\\My Drive\\CAD Repository\\Washers\\STEP,76825008-a7dd-4e4d-b07c-fb8157d02f5b,11.1252,0.9143999999999999,11.1252,200.43321043180617,70.35438447303993,0.3510116129032257
H:\\My Drive\\CAD Repository\\Washers\\STEP,cdb9a7e9-fe76-4970-a0ed-6a31db713956,31.75,2.3114,31.75,1597.587876696918,1460.0880789193754,0.9139328735632187
H:\\My Drive\\CAD Repository\\Washers\\STEP,dfd904dc-3491-4a71-b8c6-2de3fff58c0e,12.7,1.016,12.7,259.69366352721676,101.94156719186563,0.39254545454545453
H:\\My Drive\\CAD Repository\\Washers\\STEP,633cf5a6-6283-4f0e-b95c-09f7a11b2c1f,12.7,1.2827,12.7,278.34252558792105,131.31599224820286,0.4717784031413612
H:\\My Drive\\CAD Repository\\Washers\\STEP,3c8257e4-e4fc-45e6-817f-f74d9d0f4950,63.5,4.1655999999999995,63.5,5705.906245247146,9201.51012976659,1.612629043358569
H:\\My Drive\\CAD Repository\\Washers\\STEP,1b84d804-aac9-411d-98fa-6c9336dc8b3e,22.224999999999998,1.27,22.224999999999998,738.6670154637917,386.6188351675733,0.5234007029876979
H:\\My Drive\\CAD Repository\\Washers\\STEP,a2be175e-e9fe-42c9-ad5d-f6b5a363525b,1.9811999999999999,0.38099999999999995,1.9811999999999999,8.131641624556643,0.8656610841200811,0.10645588235294114
H:\\My Drive\\CAD Repository\\Washers\\STEP,bb354a8b-318a-4259-953d-9dce4523635c,38.099999999999994,2.2859999999999996,38.099999999999994,2271.9496594034044,2153.775974512635,0.9479857819905213
H:\\My Drive\\CAD Repository\\Washers\\STEP,235817b3-166a-44ba-9ec5-9f9f4ea1b769,19.049999999999997,1.6001999999999998,19.049999999999997,607.0031306801397,377.1639782401503,0.621354255319149
H:\\My Drive\\CAD Repository\\Washers\\STEP,70e43a66-726d-4085-a5e9-8f3c2e2e4210,101.6,4.7498,101.6,13959.917726005839,27640.125006245493,1.9799633170297908
H:\\My Drive\\CAD Repository\\Washers\\STEP,2d118603-a83b-42f2-9327-bef8166a320c,44.449999999999996,2.7685999999999997,44.449999999999996,3001.402706067287,3371.316242661238,1.1232468858131488
H:\\My Drive\\CAD Repository\\Washers\\STEP,02a98ef4-1d40-43e0-b0f5-1ca62b210e8d,38.099999999999994,1.9811999999999999,38.099999999999994,2146.396666817668,1783.5651621667985,0.8309578512396696
H:\\My Drive\\CAD Repository\\Washers\\STEP,15e0d743-aaed-47f2-9411-91db41458151,19.049999999999997,1.27,19.049999999999997,560.9900379182542,285.8277503472434,0.5095059288537551
H:\\My Drive\\CAD Repository\\Washers\\STEP,47588fbc-8ff9-426b-a9df-b4520715b5d8,61.96868529426001,1.9845236565174673e-14,61.96868529426001,973.45942136019,432.7027127946024,0.4444999999999979
H:\\My Drive\\CAD Repository\\Washers\\STEP,9961242d-450e-4b1e-a905-3b5cb6a3058a,12.7,1.1429999999999998,12.7,264.80938223618506,113.0788131409062,0.42701966292134824
H:\\My Drive\\CAD Repository\\Washers\\STEP,93b78888-3a14-40b8-9ae2-635c8521b6f4,7.1374,0.8255,7.1374,87.67052803344905,24.71239737762368,0.2818780487804879
H:\\My Drive\\CAD Repository\\Washers\\STEP,3835204f-6d14-43d4-b8c7-0809919f023f,7.924799999999999,0.8255,7.924799999999999,111.60130885626566,34.18199731384612,0.3062867063492063
H:\\My Drive\\CAD Repository\\Washers\\STEP,553af243-2eb7-4fe1-9fa1-4b09f29cbccf,6.35,0.635,6.35,69.48885026847265,16.28713143661701,0.23438481675392667
H:\\My Drive\\CAD Repository\\Washers\\STEP,0d911dd6-8583-4419-b6bc-d846f8870bd9,1.9811999999999999,0.38099999999999995,1.9811999999999999,8.131641624556643,0.8656610841200811,0.10645588235294114
H:\\My Drive\\CAD Repository\\Washers\\STEP,285f7dcc-51a8-4358-a2fa-0ecebf57e16c,673.2977386230823,1.9456658506555868e-14,673.2977386230823,42401.80513648056,74044.15221957825,1.746249999999978
H:\\My Drive\\CAD Repository\\Washers\\STEP,95b786ae-40a2-481f-b0ed-9b20b29edcb1,563.7390825016865,1.9484414082171497e-14,563.7390825016865,35423.849593681676,61858.897352966145,1.7462499999999863
H:\\My Drive\\CAD Repository\\Washers\\STEP,9e443494-58a6-4bf0-8885-2e00cb5fa611,522.4999396705465,1.9512169657787126e-14,522.4999396705465,32797.266578826864,57272.22676327666,1.7462500000000076
H:\\My Drive\\CAD Repository\\Washers\\STEP,93694bd5-f09d-4707-9be5-23744b2fd18a,371.8396045274476,1.9623191960249642e-14,371.8396045274476,23201.48329788873,40515.59020893839,1.7462500000000083
H:\\My Drive\\CAD Repository\\Washers\\STEP,7a8250e7-7743-44f9-940f-5a8addb8c827,275.61493792145376,1.9761969838327786e-14,275.61493792145376,17072.78959655963,29813.358832992402,1.7462500000000087
H:\\My Drive\\CAD Repository\\Washers\\STEP,0f7c41fe-2d67-4fd1-862f-eea1d785e531,234.37579509031357,1.9872992140790302e-14,234.37579509031357,14446.206581704306,25226.688243301294,1.7462500000000103
H:\\My Drive\\CAD Repository\\Washers\\STEP,6b060533-4c5e-49a8-9f79-db506bd17907,213.75622367474347,1.992850329202156e-14,213.75622367474347,13132.915074276641,22933.352948455722,1.7462500000000105
H:\\My Drive\\CAD Repository\\Washers\\STEP,cff1d043-3752-4cad-bd86-efc830bcc018,117.53155706874959,2.0539125955565396e-14,117.53155706874959,7004.221372947492,12231.121572509544,1.746249999999998
H:\\My Drive\\CAD Repository\\Washers\\STEP,d9b625d3-a2df-464a-aa54-e8cd80d097b8,110.6583665968929,2.0650148258027912e-14,110.6583665968929,6566.457537138273,11466.676474227703,1.746249999999999
H:\\My Drive\\CAD Repository\\Washers\\STEP,f2ce51bd-4aa4-4fea-9aae-7e1d35ed68f2,69.41922376575269,2.1566082253343666e-14,69.41922376575269,3939.8745222829643,6880.005884536625,1.7462499999999996
H:\\My Drive\\CAD Repository\\Washers\\STEP,fc9345bb-c5c1-4c30-b985-6e050cd3edbb,505.1794996814676,1.9456658506555868e-14,505.1794996814676,24289.684600285585,32390.29441448074,1.3334999999999964
H:\\My Drive\\CAD Repository\\Washers\\STEP,e694d732-9deb-4e18-99ba-1f63722af000,127.70387896709751,2.015054789694659e-14,127.70387896709751,5930.346886995131,7908.117573807996,1.3334999999999981
H:\\My Drive\\CAD Repository\\Washers\\STEP,b9f3e19a-99e2-4784-9915-502c46ab90f5,124.26728373116916,2.015054789694659e-14,124.26728373116916,5763.200695140704,7685.228126970118,1.3334999999999981
H:\\My Drive\\CAD Repository\\Washers\\STEP,a331ddee-c21f-4971-8bca-d78973b9b157,69.28175995631555,2.098321516541546e-14,69.28175995631555,3088.8616254698436,4118.996977564033,1.3334999999999988
H:\\My Drive\\CAD Repository\\Washers\\STEP,ec844e99-dda4-4584-bb18-9442022c05b5,62.40856948445885,2.117750419472486e-14,62.40856948445885,2754.5692417609857,3673.2180838882723,1.3334999999999992
H:\\My Drive\\CAD Repository\\Washers\\STEP,c32cebfd-0ef2-416c-971e-1bd874090c9c,46.93014454183756,2.1926904736346842e-14,46.93014454183756,2001.7427936486386,2669.3240153304578,1.333499999999999
H:\\My Drive\\CAD Repository\\Washers\\STEP,dd9a1dc5-d78e-4f41-a690-9b7dfe68e464,43.49354930590921,2.2176704916887502e-14,43.49354930590921,1834.5966017942108,2446.4345684925775,1.3334999999999986
H:\\My Drive\\CAD Repository\\Washers\\STEP,87a9693f-9290-48cc-a4f8-aa2be0e5afcf,41.78899806888875,2.2315482794965646e-14,41.78899806888875,1751.6920906344133,2335.8814028609895,1.3334999999999997
H:\\My Drive\\CAD Repository\\Washers\\STEP,d2f8c734-9636-4c54-b575-b1bee3ddead5,295.8771034324873,1.9484414082171497e-14,295.8771034324873,9402.192969663754,8298.845624673657,0.882649999999994
H:\\My Drive\\CAD Repository\\Washers\\STEP,d9ec6e20-eddd-42dc-a705-2d7d383b805b,185.90605588278007,1.9623191960249642e-14,185.90605588278007,5861.877439337574,5173.986121831285,0.8826499999999958
H:\\My Drive\\CAD Repository\\Washers\\STEP,7315fbd6-b5a8-47da-8240-c9a5ed4c9a89,172.15967493906666,1.965094753586527e-14,172.15967493906666,5419.337998046802,4783.378683975991,0.8826499999999967
H:\\My Drive\\CAD Repository\\Washers\\STEP,9b698bac-5835-4540-b9d0-43eef29dd296,130.92053210792648,1.9817480989559044e-14,130.92053210792648,4091.7196741745006,3611.5563704101287,0.8826500000000014
H:\\My Drive\\CAD Repository\\Washers\\STEP,2293e63a-276e-4a67-899f-0ec5f2b05ed8,51.878841681574386,2.0761170560490427e-14,51.878841681574386,1547.1178867525434,1365.563602742132,0.8826499999999997
H:\\My Drive\\CAD Repository\\Washers\\STEP,17330dae-f689-4aee-bc51-f6cebce4deea,48.44224644564603,2.0872192862952943e-14,48.44224644564603,1436.4830264298503,1267.9117432783064,0.8826499999999994
H:\\My Drive\\CAD Repository\\Washers\\STEP,79bf8d89-f1cd-4589-ab20-b15a32134ea9,46.71020244673815,2.09277040141842e-14,46.71020244673815,1380.723056827213,1218.6952061085385,0.8826499999999993
H:\\My Drive\\CAD Repository\\Washers\\STEP,178a0892-9ec3-4313-a7df-b3ede38f374f,45.00565120971768,2.1010970741031088e-14,45.00565120971768,1325.848166107157,1170.259883814481,0.8826499999999992
H:\\My Drive\\CAD Repository\\Washers\\STEP,f3674531-b0a5-47d6-8e1c-9620ddd5900a,36.4004167389531,2.148281552649678e-14,36.4004167389531,1048.8184758591326,925.7396277170632,0.8826499999999998
H:\\My Drive\\CAD Repository\\Washers\\STEP,74041b2d-da04-4f42-bc79-de5eb5fe567d,31.25927026600428,2.1899149160731213e-14,31.25927026600428,883.3087248163836,779.6524459591806,0.8826499999999996
H:\\My Drive\\CAD Repository\\Washers\\STEP,61cbc308-7047-4579-8923-4480b15606e6,27.822675030075928,2.2287727219350018e-14,27.822675030075928,772.6738644936903,682.0005864953554,0.8826499999999995
H:\\My Drive\\CAD Repository\\Washers\\STEP,4c7f972c-471c-4e6e-ab33-9508ac20836a,24.386079794147577,3.5306000000000193,24.386079794147577,662.0390041709968,584.3487270315302,0.8826499999999998
H:\\My Drive\\CAD Repository\\Washers\\STEP,2d9e8ea6-7295-4bd0-945c-567caf98270e,22.654035795239682,3.5306000000000135,22.654035795239682,606.2790345683585,535.1321898617608,0.8826499999999987
H:\\My Drive\\CAD Repository\\Washers\\STEP,1ac71ec7-04fe-4f98-8e09-6fdcbe3a147f,259.6141505029713,1.942890293094024e-14,259.6141505029713,6125.637313820872,4006.4730851045315,0.6540499999999984
