dirname,UUID_Part,x_dims,y_dims,z_dims,area,volume,va_ratio
G:\My Drive\CAD Repository\Washers\STEP,S_Shettigar_SleeveWasher65.stp,9.545,1.798,9.545,181.2685201573806,76.07418281322029,0.4196767466693682
G:\My Drive\CAD Repository\Washers\STEP,S_Shettigar_SleeveWasher60.stp,22.244999999999997,12.719999999999999,22.244999999999997,1717.1303051656005,3143.0215686684164,1.8303919971672171
G:\My Drive\CAD Repository\Washers\STEP,S_Shettigar_SleeveWasher62.stp,6.37,1.4169999999999998,6.37,87.25908156042188,25.738423271559554,0.29496555328441293
G:\My Drive\CAD Repository\Washers\STEP,S_Shettigar_SleeveWasher67.stp,15.895,2.56,15.895,437.9827437075041,214.1148211017569,0.488865883822921
G:\My Drive\CAD Repository\Washers\STEP,S_Shettigar_SleeveWasher66.stp,12.72,1.798,12.72,283.51702236446476,108.16516329411685,0.38151206016501243
G:\My Drive\CAD Repository\Washers\STEP,S_Shettigar_SleeveWasher63.stp,7.9702,1.798,7.9702,135.68106167793698,45.62752079957303,0.33628511035591707
G:\My Drive\CAD Repository\Washers\STEP,S_Shettigar_SleeveWasher61.stp,6.37,1.4169999999999998,6.37,88.1671013629646,26.029036225461315,0.2952239080459897
G:\My Drive\CAD Repository\Washers\STEP,S_Shettigar_SleeveWasher64.stp,9.545,1.798,9.545,183.10482806162997,70.33399780701197,0.3841187507264349
G:\My Drive\CAD Repository\Washers\STEP,S_Shettigar_SleeveWasher52.stp,19.07,3.068,19.07,665.4842676726986,398.5052653525311,0.5988199642136781
G:\My Drive\CAD Repository\Washers\STEP,S_Shettigar_SleeveWasher54.stp,12.72,11.119799999999998,12.72,695.3040028175864,729.2062041154718,1.0487588179566107
G:\My Drive\CAD Repository\Washers\STEP,S_Shettigar_SleeveWasher50.stp,9.545,1.6456000000000002,9.545,170.4645032880638,53.388765742765436,0.31319579568155054
G:\My Drive\CAD Repository\Washers\STEP,S_Shettigar_SleeveWasher56.stp,15.895,11.907199999999998,15.895,1012.7055677242588,1441.9029411531108,1.4238125938157324
G:\My Drive\CAD Repository\Washers\STEP,S_Shettigar_SleeveWasher59.stp,22.244999999999997,6.37,22.244999999999997,1246.938193841785,1907.1763138682813,1.529487446360368
G:\My Drive\CAD Repository\Washers\STEP,S_Shettigar_SleeveWasher57.stp,19.07,5.5572,19.07,913.8286970830895,1191.9183732067963,1.3043126977860946
G:\My Drive\CAD Repository\Washers\STEP,S_Shettigar_SleeveWasher53.stp,12.72,4.7698,12.72,449.3927827218216,411.05493144271844,0.9146896595737394
G:\My Drive\CAD Repository\Washers\STEP,S_Shettigar_SleeveWasher58.stp,19.07,11.907199999999998,19.07,1287.7463873783804,2042.025769663725,1.5857359722988014
G:\My Drive\CAD Repository\Washers\STEP,S_Shettigar_SleeveWasher51.stp,13.863000000000001,2.4076,13.863000000000001,368.54355077198306,178.52425832256858,0.4844047818734483
G:\My Drive\CAD Repository\Washers\STEP,S_Shettigar_SleeveWasher55.stp,15.895,4.7698,15.895,640.5228438373977,686.2620524914919,1.0714091762599267
G:\My Drive\CAD Repository\Washers\STEP,S_Shettigar_SleeveWasher47.stp,5.1,1.544,5.1,61.54975748597307,12.373316280871244,0.20102948876266605
G:\My Drive\CAD Repository\Washers\STEP,S_Shettigar_SleeveWasher49.stp,9.545,2.4076,9.545,207.17850039355204,94.80335111814061,0.45759261186877065
G:\My Drive\CAD Repository\Washers\STEP,S_Shettigar_SleeveWasher46.stp,7.9448,3.1950000000000003,7.9448,168.86026740924112,78.07548673230185,0.46236742325583374
G:\My Drive\CAD Repository\Washers\STEP,S_Shettigar_SleeveWasher48.stp,7.9448,1.5948000000000002,7.9448,125.70601824442362,30.72804691228121,0.24444372148144405
G:\My Drive\CAD Repository\Washers\STEP,S_Shettigar_SleeveWasher44.stp,19.07,3.068,19.07,665.4842676726986,398.5052653525311,0.5988199642136781
G:\My Drive\CAD Repository\Washers\STEP,S_Shettigar_SleeveWasher43.stp,15.895,7.9702,15.895,757.3199311843291,321.22094600296845,0.42415488194088524
G:\My Drive\CAD Repository\Washers\STEP,S_Shettigar_SleeveWasher41.stp,15.768,14.320199999999996,15.768,1094.934057432201,403.69202445006925,0.36869071859614355
G:\My Drive\CAD Repository\Washers\STEP,S_Shettigar_SleeveWasher40.stp,15.768,11.145199999999997,15.768,922.6535145390516,359.932766555207,0.39010610254384154
G:\My Drive\CAD Repository\Washers\STEP,S_Shettigar_SleeveWasher42.stp,15.768,17.495199999999997,15.768,1267.2146003253501,447.4512823449303,0.3530982694091827
G:\My Drive\CAD Repository\Washers\STEP,S_Shettigar_SleeveWasher45.stp,19.07,3.068,19.07,665.4842676726986,398.5052653525311,0.5988199642136781
G:\My Drive\CAD Repository\Washers\STEP,S_Shettigar_SleeveWasher38.stp,14.2948,3.068,14.2948,428.7596541729715,248.09105337572382,0.5786249964546295
G:\My Drive\CAD Repository\Washers\STEP,S_Shettigar_SleeveWasher32.stp,13.0502,7.9702,13.0502,586.733818101282,254.27793031244872,0.4333786846228032
G:\My Drive\CAD Repository\Washers\STEP,S_Shettigar_SleeveWasher39.stp,15.768,4.7952,15.768,578.0924287527533,272.41425076548364,0.4712295771685216
G:\My Drive\CAD Repository\Washers\STEP,S_Shettigar_SleeveWasher34.stp,13.0502,14.320199999999996,13.0502,876.5704961450506,349.9820014025054,0.39926281222291116
G:\My Drive\CAD Repository\Washers\STEP,S_Shettigar_SleeveWasher37.stp,14.2948,3.068,14.2948,428.7596541729715,248.09105337572382,0.5786249964546295
G:\My Drive\CAD Repository\Washers\STEP,S_Shettigar_SleeveWasher31.stp,13.0502,4.7952,13.0502,441.81547907939756,206.4258947674207,0.46722196152463097
G:\My Drive\CAD Repository\Washers\STEP,S_Shettigar_SleeveWasher35.stp,13.0502,17.495199999999997,13.0502,1021.4888351669351,397.8340369475337,0.38946489012042734
G:\My Drive\CAD Repository\Washers\STEP,S_Shettigar_SleeveWasher30.stp,11.1198,2.56,11.1198,266.0903387433435,121.70736657557971,0.45739115200635716
G:\My Drive\CAD Repository\Washers\STEP,S_Shettigar_SleeveWasher36.stp,13.0502,20.670199999999998,13.0502,1166.4071741888192,445.686072492562,0.3821016214192231
G:\My Drive\CAD Repository\Washers\STEP,S_Shettigar_SleeveWasher33.stp,13.0502,11.145199999999997,13.0502,731.6521571231661,302.1299658574773,0.4129420830869181
G:\My Drive\CAD Repository\Washers\STEP,S_Shettigar_SleeveWasher21.stp,8.7576,20.670199999999998,8.7576,730.2151347124458,188.44333662440644,0.258065503803361
G:\My Drive\CAD Repository\Washers\STEP,S_Shettigar_SleeveWasher26.stp,10.1546,14.320199999999996,10.1546,663.4574377563087,274.26324672635116,0.4133848399587759
G:\My Drive\CAD Repository\Washers\STEP,S_Shettigar_SleeveWasher27.stp,10.1546,17.495199999999997,10.1546,780.0001579487332,318.66602311966665,0.40854610075683023
G:\My Drive\CAD Repository\Washers\STEP,S_Shettigar_SleeveWasher23.stp,9.545,2.56,9.545,210.4346026542326,91.74836288006075,0.4359946592567454
G:\My Drive\CAD Repository\Washers\STEP,S_Shettigar_SleeveWasher29.stp,11.1198,2.56,11.1198,266.0903387433435,121.70736657557971,0.45739115200635716
G:\My Drive\CAD Repository\Washers\STEP,S_Shettigar_SleeveWasher22.stp,9.545,2.56,9.545,210.4346026542326,91.74836288006075,0.4359946592567454
G:\My Drive\CAD Repository\Washers\STEP,S_Shettigar_SleeveWasher25.stp,10.1546,11.145199999999997,10.1546,546.9147175638842,229.8604703330355,0.4202857647658492
G:\My Drive\CAD Repository\Washers\STEP,S_Shettigar_SleeveWasher20.stp,8.7576,17.495199999999997,8.7576,634.4474211630187,168.9833372311621,0.26634726786562585
G:\My Drive\CAD Repository\Washers\STEP,S_Shettigar_SleeveWasher24.stp,10.1546,7.9702,10.1546,430.3719973714597,185.4576939397199,0.43092416577384546
G:\My Drive\CAD Repository\Washers\STEP,S_Shettigar_SleeveWasher28.stp,10.1546,20.670199999999998,10.1546,896.5428781411576,363.0687995129824,0.40496534896997805
G:\My Drive\CAD Repository\Washers\STEP,S_Shettigar_SleeveWasher19.stp,8.7576,14.320199999999996,8.7576,538.6797076135916,149.52333783791767,0.27757373393611195
G:\My Drive\CAD Repository\Washers\STEP,S_Shettigar_SleeveWasher18.stp,8.7576,11.145199999999997,8.7576,442.91199406416456,130.0633384446732,0.29365503799346415
G:\My Drive\CAD Repository\Washers\STEP,S_Shettigar_SleeveWasher12.stp,7.385999999999999,7.5638,7.385999999999999,263.4068159340432,68.94013673936092,0.26172495383195954
G:\My Drive\CAD Repository\Washers\STEP,S_Shettigar_SleeveWasher15.stp,8.3512,2.052,8.3512,155.36462041095842,57.90430930567617,0.37269945469253035
G:\My Drive\CAD Repository\Washers\STEP,S_Shettigar_SleeveWasher16.stp,8.3512,2.052,8.3512,155.36462041095842,57.90430930567617,0.37269945469253035
G:\My Drive\CAD Repository\Washers\STEP,S_Shettigar_SleeveWasher14.stp,7.385999999999999,13.913799999999998,7.385999999999999,420.4861344542675,98.86374691746494,0.23511773353900556
G:\My Drive\CAD Repository\Washers\STEP,S_Shettigar_SleeveWasher10.stp,7.157400000000001,2.052,7.157400000000001,122.66070629504769,43.32784309349832,0.3532332757751913
G:\My Drive\CAD Repository\Washers\STEP,S_Shettigar_SleeveWasher11.stp,7.385999999999999,4.3888,7.385999999999999,184.86715667393105,53.97833165030888,0.29198443153164266
G:\My Drive\CAD Repository\Washers\STEP,S_Shettigar_SleeveWasher13.stp,7.385999999999999,10.738799999999998,7.385999999999999,341.9464751941553,83.90194182841296,0.24536571631795268
G:\My Drive\CAD Repository\Washers\STEP,S_Shettigar_SleeveWasher17.stp,8.7576,7.9702,8.7576,347.1442805147375,110.60333905142875,0.3186091353353962
G:\My Drive\CAD Repository\Washers\STEP,S_Shettigar_SleeveWasher3.stp,6.37,2.052,6.37,102.5687413338737,35.799191476387044,0.34902633113003045
G:\My Drive\CAD Repository\Washers\STEP,S_Shettigar_SleeveWasher5.stp,5.989,4.3888,5.989,141.77675265147985,37.95472103880806,0.26770764832024024
G:\My Drive\CAD Repository\Washers\STEP,S_Shettigar_SleeveWasher6.stp,5.989,7.5638,5.989,207.64872493415453,50.50333175865809,0.24321522693998104
G:\My Drive\CAD Repository\Washers\STEP,S_Shettigar_SleeveWasher1.stp,4.6174,7.5638,4.6174,157.2161295395806,35.18845381024445,0.22382216069875596
G:\My Drive\CAD Repository\Washers\STEP,S_Shettigar_SleeveWasher8.stp,5.989,13.913799999999998,5.989,339.392669499504,75.60055319835823,0.22275246342192642
G:\My Drive\CAD Repository\Washers\STEP,S_Shettigar_SleeveWasher7.stp,5.989,10.738799999999998,5.989,273.52069721682926,63.05194247850815,0.23051982215636393
G:\My Drive\CAD Repository\Washers\STEP,S_Shettigar_SleeveWasher0.stp,4.6174,4.3888,4.6174,104.01184423434336,25.053037459596293,0.24086715935110883
G:\My Drive\CAD Repository\Washers\STEP,S_Shettigar_SleeveWasher9.stp,7.157400000000001,2.052,7.157400000000001,122.66070629504769,43.32784309349832,0.3532332757751913
G:\My Drive\CAD Repository\Washers\STEP,S_Shettigar_SleeveWasher4.stp,6.37,2.052,6.37,102.5687413338737,35.799191476387044,0.34902633113003045
G:\My Drive\CAD Repository\Washers\STEP,S_Shettigar_SleeveWasher2.stp,4.6174,10.738799999999998,4.6174,210.42041484481788,45.323870160892575,0.21539673417295702
G:\My Drive\CAD Repository\Washers\STEP,ef99faea-55bf-4160-a6bb-e7eda9112c86.stp,672.846,6.98499999999995,672.846,45903.915822954295,80159.71300583336,1.7462499999999874
G:\My Drive\CAD Repository\Washers\STEP,d913fc6d-abda-4d46-b251-12cad327c84e.stp,647.4459999999999,6.98499999999995,647.4459999999999,44152.86047971743,77101.93261270599,1.7462499999999872
G:\My Drive\CAD Repository\Washers\STEP,285f7dcc-51a8-4358-a2fa-0ecebf57e16c.stp,622.046,6.98499999999995,622.046,42401.80513648058,74044.15221957868,1.7462499999999874
G:\My Drive\CAD Repository\Washers\STEP,7fe0fc98-a939-4f10-8024-1f44c6b558eb.stp,596.646,6.98499999999995,596.646,40650.74979324371,70986.37182645132,1.7462499999999874
G:\My Drive\CAD Repository\Washers\STEP,2cabd54e-ea62-4ef3-96b1-a951f0f12940.stp,571.6270000000001,6.985000000000051,571.6270000000001,38925.960280155974,67974.45813922287,1.746250000000013
G:\My Drive\CAD Repository\Washers\STEP,e6e65e14-bf09-4e32-bb2b-2256747f8bdf.stp,546.227,6.98499999999995,546.227,37174.90493691854,64916.67774609354,1.7462499999999876
G:\My Drive\CAD Repository\Washers\STEP,95b786ae-40a2-481f-b0ed-9b20b29edcb1.stp,520.827,6.98499999999995,520.827,35423.84959368169,61858.8973529662,1.7462499999999874
G:\My Drive\CAD Repository\Washers\STEP,d787d61b-b751-4dca-9928-5456178916c1.stp,508.12700000000007,6.985000000000051,508.12700000000007,34548.321922063755,60330.00715640428,1.746250000000013
G:\My Drive\CAD Repository\Washers\STEP,922699e8-1374-4589-af4f-a10c303c4534.stp,495.42699999999996,6.98499999999995,495.42699999999996,33672.79425044483,58801.11695983885,1.7462499999999872
G:\My Drive\CAD Repository\Washers\STEP,9e443494-58a6-4bf0-8885-2e00cb5fa611.stp,482.7270000000001,6.985000000000051,482.7270000000001,32797.266578826864,57272.22676327684,1.7462500000000132
G:\My Drive\CAD Repository\Washers\STEP,53795975-9086-4ba0-b48e-19073b6b2d95.stp,470.027,6.98499999999995,470.027,31921.738907207964,55743.336566711514,1.7462499999999876
G:\My Drive\CAD Repository\Washers\STEP,ed4fc27d-370e-4d9f-884f-0e4b4d1d24a8.stp,457.327,6.985000000000051,457.327,31046.21123558998,54214.4463701494,1.7462500000000127
G:\My Drive\CAD Repository\Washers\STEP,69242237-48c3-4dea-b00b-4204876d8f8d.stp,444.62699999999995,6.98499999999995,444.62699999999995,30170.683563971103,52685.55617358416,1.7462499999999876
G:\My Drive\CAD Repository\Washers\STEP,b612c187-73b0-4459-a57f-694164cf8c6e.stp,431.92699999999996,6.98499999999995,431.92699999999996,29295.15589235267,51156.665977020486,1.7462499999999874
G:\My Drive\CAD Repository\Washers\STEP,2f573bd8-f3ba-4b9a-a1e5-d51080753cf1.stp,419.227,6.98499999999995,419.227,28419.628220734237,49627.77578045682,1.7462499999999879
G:\My Drive\CAD Repository\Washers\STEP,9d4304da-2a2e-4713-a5ab-75fb91721d82.stp,407.03499999999997,6.98499999999995,407.03499999999997,27579.12165598055,48160.04119175569,1.7462499999999874
G:\My Drive\CAD Repository\Washers\STEP,27fc00b9-1422-4b48-b7fd-bf3e47c24819.stp,394.33500000000004,6.985000000000051,394.33500000000004,26703.593984362506,46631.15099519337,1.746250000000013
G:\My Drive\CAD Repository\Washers\STEP,509211d2-7082-4af1-8338-ed77a1fee5de.stp,381.635,6.98499999999995,381.635,25828.066312743693,45102.26079862835,1.7462499999999874
G:\My Drive\CAD Repository\Washers\STEP,fefca7a1-0b2d-42df-88a8-f15fda82953f.stp,368.93500000000006,6.985000000000051,368.93500000000006,24952.538641125615,43573.37060206594,1.7462500000000134
G:\My Drive\CAD Repository\Washers\STEP,c6eb3f6e-3134-4385-9865-a30a04313a30.stp,356.2349999999999,6.98499999999995,356.2349999999999,24077.010969506828,42044.480405500995,1.7462499999999874
G:\My Drive\CAD Repository\Washers\STEP,93694bd5-f09d-4707-9be5-23744b2fd18a.stp,343.535,6.985000000000051,343.535,23201.483297888735,40515.5902089385,1.7462500000000127
G:\My Drive\CAD Repository\Washers\STEP,11fd8b58-1a15-4309-adf1-0d944193dbcd.stp,330.83500000000004,6.985000000000051,330.83500000000004,22325.95562627029,38986.700012374786,1.7462500000000132
G:\My Drive\CAD Repository\Washers\STEP,c75b68de-9040-4745-acb6-7a533416695e.stp,318.1350000000001,6.985000000000051,318.1350000000001,21450.427954651852,37457.809815811066,1.7462500000000125
G:\My Drive\CAD Repository\Washers\STEP,38685b81-c0a6-4a0d-9ee2-77709659730f.stp,305.43500000000006,6.985000000000051,305.43500000000006,20574.900283033407,35928.91961924735,1.7462500000000127
G:\My Drive\CAD Repository\Washers\STEP,ffda0f46-f10b-4561-a005-2b80a9a7840d.stp,292.73500000000007,6.985000000000051,292.73500000000007,19699.372611414965,34400.02942268363,1.7462500000000123
G:\My Drive\CAD Repository\Washers\STEP,c79c81d9-a671-4dc6-85eb-971c2a85b6b8.stp,280.0350000000001,6.985000000000051,280.0350000000001,18823.84493979652,32871.139226119914,1.746250000000013
G:\My Drive\CAD Repository\Washers\STEP,f27b63a5-613f-479e-9422-0374b70b390a.stp,267.33500000000004,6.985000000000051,267.33500000000004,17948.317268178078,31342.249029556195,1.7462500000000125
G:\My Drive\CAD Repository\Washers\STEP,7a8250e7-7743-44f9-940f-5a8addb8c827.stp,254.63500000000008,6.985000000000051,254.63500000000008,17072.789596559636,29813.358832992486,1.746250000000013
G:\My Drive\CAD Repository\Washers\STEP,499115a3-3555-40ae-be2e-aa4ea85da71a.stp,241.93500000000006,6.985000000000051,241.93500000000006,16197.261924941191,28284.468636428766,1.746250000000013
G:\My Drive\CAD Repository\Washers\STEP,ebeab1af-2e04-4da3-a736-661e253f4e9c.stp,229.23500000000007,6.985000000000051,229.23500000000007,15321.734253322751,26755.57843986505,1.7462500000000127
G:\My Drive\CAD Repository\Washers\STEP,0f7c41fe-2d67-4fd1-862f-eea1d785e531.stp,216.53500000000008,6.985000000000051,216.53500000000008,14446.206581704306,25226.68824330133,1.746250000000013
G:\My Drive\CAD Repository\Washers\STEP,08e7bce3-9982-4e0c-92aa-d7f5136fcde5.stp,210.185,6.985000000000001,210.185,14008.442745894985,24462.24314501912,1.7462500000000003
G:\My Drive\CAD Repository\Washers\STEP,366fbe0b-3eb2-422d-8b5a-40163bcebf6c.stp,203.83500000000004,6.985000000000051,203.83500000000004,13570.678910085862,23697.79804673761,1.7462500000000127
G:\My Drive\CAD Repository\Washers\STEP,6b060533-4c5e-49a8-9f79-db506bd17907.stp,197.48500000000007,6.985000000000051,197.48500000000007,13132.915074276641,22933.352948455755,1.746250000000013
G:\My Drive\CAD Repository\Washers\STEP,9294a599-25d7-4601-aded-1b716a035e19.stp,191.13500000000005,6.985000000000051,191.13500000000005,12695.151238467419,22168.9078501739,1.7462500000000132
G:\My Drive\CAD Repository\Washers\STEP,d5071f4c-3486-492c-9136-ca40a56b0614.stp,184.78500000000008,6.985000000000051,184.78500000000008,12257.3874026582,21404.462751892042,1.7462500000000132
G:\My Drive\CAD Repository\Washers\STEP,065f3fbe-dc0f-4c35-bf85-9c17587554cf.stp,178.43500000000006,6.985000000000051,178.43500000000006,11819.623566848977,20640.017653610175,1.7462500000000125
G:\My Drive\CAD Repository\Washers\STEP,e24dc5f1-b95a-41db-ad97-085ad0ee228a.stp,172.0850000000001,6.985000000000051,172.0850000000001,11381.859731039758,19875.572555328323,1.7462500000000127
G:\My Drive\CAD Repository\Washers\STEP,5225589b-7a8b-4b17-b2d4-139581ab505d.stp,165.73500000000007,6.985000000000051,165.73500000000007,10944.095895230534,19111.12745704646,1.7462500000000127
G:\My Drive\CAD Repository\Washers\STEP,82c57c43-e06d-476a-ae73-f228de91dc23.stp,162.56,6.985000000000001,162.56,10725.213977325848,18728.904907905264,1.7462500000000003
G:\My Drive\CAD Repository\Washers\STEP,9330cd83-57ed-4c52-8a8d-a376f8d44e2b.stp,159.38500000000002,6.985000000000001,159.38500000000002,10506.332059421236,18346.68235876434,1.7462500000000007
G:\My Drive\CAD Repository\Washers\STEP,55a7d754-0020-4618-b84f-58ff16db7a9b.stp,156.20999999999998,6.985000000000001,156.20999999999998,10287.450141516629,17964.45980962342,1.7462500000000005
G:\My Drive\CAD Repository\Washers\STEP,9f606a1b-0230-48e8-b9d1-97c0bc32462a.stp,153.035,6.985000000000001,153.035,10068.56822361202,17582.237260482492,1.7462500000000003
G:\My Drive\CAD Repository\Washers\STEP,651fddf8-364d-4010-b396-a1777f2ca0ed.stp,149.86,6.985000000000001,149.86,9849.686305707412,17200.01471134157,1.7462500000000003
G:\My Drive\CAD Repository\Washers\STEP,4ca15c0b-b277-4761-945c-9d51e99a874d.stp,146.685,6.985000000000001,146.685,9630.804387802804,16817.792162200647,1.74625
G:\My Drive\CAD Repository\Washers\STEP,7a3e4092-393e-423f-b34d-372f06700afc.stp,143.51,6.985000000000001,143.51,9411.922469898193,16435.569613059724,1.7462500000000005
G:\My Drive\CAD Repository\Washers\STEP,a4302626-afee-4cbc-a914-b158f8f052c6.stp,140.335,6.985000000000001,140.335,9193.040551993583,16053.3470639188,1.7462500000000005
G:\My Drive\CAD Repository\Washers\STEP,0e302d6c-85f2-4585-8198-1dbc0a48eae9.stp,137.16000000000003,6.985000000000001,137.16000000000003,8974.158634088975,15671.124514777874,1.74625
G:\My Drive\CAD Repository\Washers\STEP,e2ffd5de-7d9b-4e67-845f-3deefb452325.stp,133.98499999999999,6.985000000000001,133.98499999999999,8755.276716184364,15288.90196563695,1.7462500000000003
G:\My Drive\CAD Repository\Washers\STEP,2e7fa22c-a699-4ce1-8e25-9bb3d24bcf02.stp,130.81,6.985000000000001,130.81,8536.394798279756,14906.679416496028,1.7462500000000005
G:\My Drive\CAD Repository\Washers\STEP,02a59478-faaa-422f-97a8-ea175a6db80e.stp,127.635,6.985000000000001,127.635,8317.512880375147,14524.456867355104,1.7462500000000005
G:\My Drive\CAD Repository\Washers\STEP,fdc54913-ba55-420c-a925-038809a40c64.stp,124.46000000000001,6.985000000000001,124.46000000000001,8098.630962470537,14142.234318214183,1.746250000000001
G:\My Drive\CAD Repository\Washers\STEP,63a1c039-42c2-422c-ba5f-35667c538ddd.stp,121.285,6.985000000000001,121.285,7879.74904456593,13760.011769073255,1.74625
G:\My Drive\CAD Repository\Washers\STEP,037599bd-4ea9-43e6-9eae-57968bee92c1.stp,118.11,6.985000000000001,118.11,7660.86712666132,13377.789219932334,1.7462500000000005
G:\My Drive\CAD Repository\Washers\STEP,db2a0100-3421-4cc4-a2c1-63b611a54d9b.stp,114.935,6.985000000000001,114.935,7441.985208756711,12995.566670791408,1.7462500000000003
G:\My Drive\CAD Repository\Washers\STEP,ec74b76e-0b01-4759-9254-3c3bba8306b4.stp,111.76000000000002,6.985000000000001,111.76000000000002,7223.103290852102,12613.344121650487,1.7462500000000005
G:\My Drive\CAD Repository\Washers\STEP,cff1d043-3752-4cad-bd86-efc830bcc018.stp,108.585,6.985000000000001,108.585,7004.2213729474925,12231.12157250956,1.7462500000000003
G:\My Drive\CAD Repository\Washers\STEP,502b5de2-48cf-4a22-8f60-988ac450e5b4.stp,105.41,6.985000000000001,105.41,6785.339455042883,11848.899023368636,1.7462500000000003
G:\My Drive\CAD Repository\Washers\STEP,d9b625d3-a2df-464a-aa54-e8cd80d097b8.stp,102.23500000000001,6.985000000000001,102.23500000000001,6566.457537138274,11466.676474227714,1.7462500000000003
G:\My Drive\CAD Repository\Washers\STEP,c67b9cbc-f258-411f-a14e-e16b988653d4.stp,99.05999999999999,6.985000000000001,99.05999999999999,6347.575619233665,11084.453925086787,1.74625
G:\My Drive\CAD Repository\Washers\STEP,8cc7ce3b-75db-4a3c-88e1-ffd8e25ed187.stp,95.88499999999999,6.985000000000001,95.88499999999999,6128.693701329055,10702.231375945867,1.7462500000000005
G:\My Drive\CAD Repository\Washers\STEP,caf4dead-7618-4490-9deb-5cb98e0f3343.stp,92.71000000000001,6.985000000000001,92.71000000000001,5909.811783424446,10320.00882680494,1.7462500000000003
G:\My Drive\CAD Repository\Washers\STEP,727d7381-0c13-44b5-a0f6-c23e135baaf3.stp,89.53500000000003,6.985000000000001,89.53500000000003,5690.929865519838,9937.786277664021,1.7462500000000007
G:\My Drive\CAD Repository\Washers\STEP,011a8154-ccbf-47ca-95fd-f658c35954c2.stp,86.35999999999999,6.985000000000001,86.35999999999999,5472.047947615228,9555.563728523093,1.7462500000000003
G:\My Drive\CAD Repository\Washers\STEP,488157f8-952b-43ca-bec2-d7105bc83007.stp,83.185,6.985000000000001,83.185,5253.166029710618,9173.34117938217,1.7462500000000007
G:\My Drive\CAD Repository\Washers\STEP,9d0550b5-7a97-44aa-b07e-bcee0b153d58.stp,80.01000000000002,6.985000000000001,80.01000000000002,5034.28411180601,8791.118630241246,1.7462500000000003
G:\My Drive\CAD Repository\Washers\STEP,e7ac9d13-87b2-4938-b3ae-3084cf5da1d8.stp,76.83500000000001,6.985000000000001,76.83500000000001,4815.402193901402,8408.896081100323,1.74625
G:\My Drive\CAD Repository\Washers\STEP,6d687210-3161-4eb8-9879-a6a7228d9b60.stp,73.66000000000001,6.985000000000001,73.66000000000001,4596.5202759967915,8026.6735319594,1.7462500000000005
G:\My Drive\CAD Repository\Washers\STEP,91473913-7bad-4887-b964-06d7bdb85718.stp,70.485,6.985000000000001,70.485,4377.638358092182,7644.450982818475,1.7462500000000003
G:\My Drive\CAD Repository\Washers\STEP,c442b537-27da-496b-b7b6-087094f1fb9a.stp,67.31,6.985000000000001,67.31,4158.756440187573,7262.228433677552,1.7462500000000005
G:\My Drive\CAD Repository\Washers\STEP,f2ce51bd-4aa4-4fea-9aae-7e1d35ed68f2.stp,64.135,6.985000000000001,64.135,3939.874522282965,6880.0058845366275,1.74625
G:\My Drive\CAD Repository\Washers\STEP,9488d2cb-75e2-422f-95fa-415b1ef4e168.stp,60.96,6.985000000000001,60.96,3720.9926043783553,6497.783335395704,1.7462500000000003
G:\My Drive\CAD Repository\Washers\STEP,ee4b3348-0cfd-4210-bac7-d4fb37b0456f.stp,669.5439999999999,5.334,669.5439999999999,34966.98333594649,46628.472278484645,1.3335000000000001
G:\My Drive\CAD Repository\Washers\STEP,aca2865f-856c-4705-9de2-5a8b299b18ef.stp,644.144,5.334,644.144,33629.813801111064,44845.3567037816,1.3335
G:\My Drive\CAD Repository\Washers\STEP,fb06f4c7-49bb-4c66-b5c9-50392785b9d9.stp,618.7439999999999,5.334,618.7439999999999,32292.644266275634,43062.24112907856,1.3335000000000001
G:\My Drive\CAD Repository\Washers\STEP,cac9cd7d-4791-4ab6-b333-3193c87814b4.stp,593.3439999999999,5.334,593.3439999999999,30955.474731440205,41279.12555437551,1.3335
G:\My Drive\CAD Repository\Washers\STEP,c53072c0-0617-417d-afa2-ff4ec8235d95.stp,568.3249999999999,5.334,568.3249999999999,29638.362739627308,39522.75671329301,1.3335
G:\My Drive\CAD Repository\Washers\STEP,a4112579-296e-4147-9dbc-186804c493b1.stp,542.925,5.334,542.925,28301.19320479187,37739.64113858997,1.3335000000000004
G:\My Drive\CAD Repository\Washers\STEP,868ba9ec-d23b-4d10-acf9-3e6bc0565d8a.stp,517.525,5.334,517.525,26964.02366995645,35956.52556388692,1.3335
G:\My Drive\CAD Repository\Washers\STEP,c5f702a5-e2bf-4988-8e2f-173ae5f77584.stp,492.125,5.334,492.125,25626.854135121015,34173.40998918387,1.3335
G:\My Drive\CAD Repository\Washers\STEP,fc9345bb-c5c1-4c30-b985-6e050cd3edbb.stp,466.725,5.334,466.725,24289.684600285585,32390.294414480828,1.3335
G:\My Drive\CAD Repository\Washers\STEP,c0842c70-f4c0-4102-a281-d827426a0221.stp,441.325,5.334,441.325,22952.51506545016,30607.178839777785,1.3335
G:\My Drive\CAD Repository\Washers\STEP,82e6ccd4-4f5f-49b2-a6e8-115b0f7b9ac7.stp,415.925,5.334,415.925,21615.345530614723,28824.06326507474,1.3335000000000004
G:\My Drive\CAD Repository\Washers\STEP,e6b6f24f-e694-4346-8737-bb03ce4e9528.stp,391.033,5.334,391.033,20304.919386476005,27076.61000186576,1.3335000000000004
G:\My Drive\CAD Repository\Washers\STEP,59b001d3-6bd7-400c-8f62-ecc7a26ad9e9.stp,365.63300000000004,5.334,365.63300000000004,18967.74985164058,25293.494427162714,1.3335000000000001
G:\My Drive\CAD Repository\Washers\STEP,83e98237-da68-4bb8-aca4-b252cb8eefa5.stp,340.233,5.334,340.233,17630.580316805146,23510.378852459664,1.3335000000000001
G:\My Drive\CAD Repository\Washers\STEP,1306260a-0bf6-437f-a893-6b98a0077cea.stp,314.833,5.334,314.833,16293.410781969718,21727.26327775662,1.3335000000000001
G:\My Drive\CAD Repository\Washers\STEP,9d6a50fd-745a-46ce-b9b1-b610f6dc58c8.stp,302.133,5.334,302.133,15624.826014552,20835.70549040509,1.3335
G:\My Drive\CAD Repository\Washers\STEP,b2beaa26-3e70-4a4a-becb-ec44ece9839b.stp,289.433,5.334,289.433,14956.241247134287,19944.14770305357,1.3335
G:\My Drive\CAD Repository\Washers\STEP,a95f7ae7-56c5-4068-b301-7052026486ef.stp,276.733,5.334,276.733,14287.656479716572,19052.589915702047,1.3335
G:\My Drive\CAD Repository\Washers\STEP,c28c4781-cccc-46ca-bb03-8e7443a4c6a1.stp,264.033,5.334,264.033,13619.071712298855,18161.03212835052,1.3335
G:\My Drive\CAD Repository\Washers\STEP,8a710434-48c5-4ae3-bbf5-bcdcc1ce103c.stp,257.68300000000005,5.334,257.68300000000005,13284.779328589999,17715.253234674765,1.3335000000000001
G:\My Drive\CAD Repository\Washers\STEP,3100bd6a-9928-4782-a000-184f80eccf13.stp,251.33300000000003,5.334,251.33300000000003,12950.486944881144,17269.474340999,1.3334999999999997
G:\My Drive\CAD Repository\Washers\STEP,14f491ed-2ff0-47c7-b53f-e769c7548e71.stp,244.983,5.334,244.983,12616.194561172282,16823.69544732324,1.3335000000000001
G:\My Drive\CAD Repository\Washers\STEP,8d050c3d-fbb8-4b55-b486-d0a6b0acab9c.stp,238.63300000000004,5.334,238.63300000000004,12281.902177463426,16377.916553647481,1.3335000000000004
G:\My Drive\CAD Repository\Washers\STEP,2bf22bf1-29f5-4c33-aa04-134f5c5e43c9.stp,232.28300000000002,5.334,232.28300000000002,11947.609793754567,15932.137659971713,1.3335
G:\My Drive\CAD Repository\Washers\STEP,c83d0aae-e8c6-40df-a29b-5770a2d5a73c.stp,225.93300000000002,5.334,225.93300000000002,11613.31741004571,15486.358766295956,1.3335000000000001
G:\My Drive\CAD Repository\Washers\STEP,336b0daf-7954-4e8f-8860-b72b91b2235d.stp,219.58300000000003,5.334,219.58300000000003,11279.025026336854,15040.579872620192,1.3334999999999997
G:\My Drive\CAD Repository\Washers\STEP,cc342b73-1f33-4fb0-a3d6-c188adcce554.stp,213.23300000000003,5.334,213.23300000000003,10944.732642627998,14594.800978944437,1.3335000000000001
G:\My Drive\CAD Repository\Washers\STEP,7b9ab823-f11f-4422-9f4b-5602cc112986.stp,206.88299999999998,5.334,206.88299999999998,10610.440258919136,14149.022085268669,1.3335000000000001
G:\My Drive\CAD Repository\Washers\STEP,8d24e750-1dfb-43fb-b193-94f987ed1374.stp,200.53300000000002,5.334,200.53300000000002,10276.147875210281,13703.243191592906,1.3334999999999997
G:\My Drive\CAD Repository\Washers\STEP,91188890-81fb-4e8a-b7f3-a7164330cdd3.stp,194.183,5.334,194.183,9941.855491501423,13257.464297917148,1.3335000000000001
G:\My Drive\CAD Repository\Washers\STEP,50fa94d1-0d33-45ee-969c-eedd1a51248f.stp,187.833,5.334,187.833,9607.563107792565,12811.685404241383,1.3335
G:\My Drive\CAD Repository\Washers\STEP,fa602b06-6edd-48f3-8987-7ad266f48d27.stp,181.483,5.334,181.483,9273.270724083708,12365.906510565625,1.3335
G:\My Drive\CAD Repository\Washers\STEP,67d37e66-7c5c-42f1-ba9b-fccbc0217935.stp,175.133,5.334,175.133,8938.97834037485,11920.127616889862,1.3335
G:\My Drive\CAD Repository\Washers\STEP,b43d18c3-f2e6-45b7-bbfa-4c6822b8838c.stp,168.783,5.334,168.783,8604.685956665991,11474.3487232141,1.3335
G:\My Drive\CAD Repository\Washers\STEP,f3159e85-7c63-4168-8acf-5a4cdeca40d6.stp,162.433,5.334,162.433,8270.393572957135,11028.569829538337,1.3334999999999997
G:\My Drive\CAD Repository\Washers\STEP,5f4728cb-f270-4d58-a807-dab766476428.stp,159.25799999999998,5.334,159.25799999999998,8103.247381102705,10805.680382700457,1.3335
G:\My Drive\CAD Repository\Washers\STEP,2137f07f-f4e0-4328-aa3e-e18825e859f0.stp,156.083,5.334,156.083,7936.101189248277,10582.790935862578,1.3335000000000001
G:\My Drive\CAD Repository\Washers\STEP,3ea97585-ce9d-4c3d-805d-4a76bd82205d.stp,152.908,5.334,152.908,7768.954997393848,10359.901489024696,1.3335
G:\My Drive\CAD Repository\Washers\STEP,7ab9881e-fb2f-48a9-b615-8854428b0dd5.stp,149.733,5.334,149.733,7601.80880553942,10137.012042186816,1.3335
G:\My Drive\CAD Repository\Washers\STEP,c3e6daf6-28a7-4594-ad91-e5faf421f582.stp,146.558,5.334,146.558,7434.662613684991,9914.122595348936,1.3335000000000001
G:\My Drive\CAD Repository\Washers\STEP,00f4f528-6e8b-4770-b826-b28f0944a72c.stp,143.383,5.334,143.383,7267.516421830561,9691.233148511055,1.3335000000000004
G:\My Drive\CAD Repository\Washers\STEP,c9861ba1-ecb6-4bf4-9c6f-cdbf3c3e4c17.stp,140.208,5.334,140.208,7100.370229976133,9468.343701673173,1.3335000000000001
G:\My Drive\CAD Repository\Washers\STEP,bfe44d3b-bc94-4d44-8f47-e31206de5eda.stp,137.033,5.334,137.033,6933.224038121705,9245.454254835293,1.3335
G:\My Drive\CAD Repository\Washers\STEP,757c555a-b191-49c6-930f-998eb358ec01.stp,133.858,5.334,133.858,6766.077846267277,9022.56480799741,1.3334999999999995
G:\My Drive\CAD Repository\Washers\STEP,26b6b6b0-e4fa-4f7f-b352-9b92b1738077.stp,130.683,5.334,130.683,6598.931654412847,8799.67536115953,1.3335
G:\My Drive\CAD Repository\Washers\STEP,dd0eb090-5d77-46f6-ad14-1ca1db774b87.stp,127.508,5.334,127.508,6431.785462558419,8576.78591432165,1.3335
G:\My Drive\CAD Repository\Washers\STEP,ae71c685-f38d-48f9-ad1d-dadae296c160.stp,124.333,5.334,124.333,6264.6392707039895,8353.896467483768,1.3334999999999997
G:\My Drive\CAD Repository\Washers\STEP,8a32df01-5001-48d9-a01d-52d624970bb3.stp,121.158,5.334,121.158,6097.493078849561,8131.007020645889,1.3334999999999997
G:\My Drive\CAD Repository\Washers\STEP,e694d732-9deb-4e18-99ba-1f63722af000.stp,117.98299999999999,5.334,117.98299999999999,5930.346886995132,7908.117573808008,1.3335
G:\My Drive\CAD Repository\Washers\STEP,b9f3e19a-99e2-4784-9915-502c46ab90f5.stp,114.808,5.334,114.808,5763.200695140704,7685.228126970127,1.3334999999999997
G:\My Drive\CAD Repository\Washers\STEP,bc01fce1-63fe-495e-9cdc-4e8d6e663510.stp,111.633,5.334,111.633,5596.054503286275,7462.338680132246,1.3334999999999997
G:\My Drive\CAD Repository\Washers\STEP,8257269b-61e8-4acb-ac6a-c2cd0d50d5ff.stp,108.45799999999998,5.334,108.45799999999998,5428.9083114318455,7239.4492332943655,1.3335
G:\My Drive\CAD Repository\Washers\STEP,8c395ae8-943e-41fe-8835-ebbc5f5a6ba1.stp,105.283,5.334,105.283,5261.762119577417,7016.559786456486,1.3335000000000001
G:\My Drive\CAD Repository\Washers\STEP,25004e19-cc35-447a-ba5c-4ec91261c410.stp,102.108,5.334,102.108,5094.615927722989,6793.670339618605,1.3335
G:\My Drive\CAD Repository\Washers\STEP,2f572ed0-24a7-40d9-8fcf-ecfee6dca89f.stp,98.93299999999999,5.334,98.93299999999999,4927.46973586856,6570.780892780725,1.3335
G:\My Drive\CAD Repository\Washers\STEP,a252d8cd-97f3-4304-ab79-9273ef63e94a.stp,95.75800000000001,5.334,95.75800000000001,4760.323544014132,6347.891445942844,1.3335
G:\My Drive\CAD Repository\Washers\STEP,a6566b72-1262-4a71-9859-9ab2c1e80615.stp,92.583,5.334,92.583,4593.177352159702,6125.001999104962,1.3334999999999997
G:\My Drive\CAD Repository\Washers\STEP,ce3d8d6b-0987-4afe-bcab-19c38eb8eb95.stp,89.40800000000002,5.334,89.40800000000002,4426.031160305273,5902.112552267083,1.3335000000000001
G:\My Drive\CAD Repository\Washers\STEP,c86cdbfa-1c83-4650-8780-8ecc85129e64.stp,86.233,5.334,86.233,4258.884968450845,5679.2231054292015,1.3335
G:\My Drive\CAD Repository\Washers\STEP,959f454d-bbbd-4f58-947d-81e6f3cd3493.stp,83.05799999999999,5.334,83.05799999999999,4091.7387765964163,5456.333658591321,1.3335
G:\My Drive\CAD Repository\Washers\STEP,596311a3-ef1d-4101-afb6-e55c5f7d3b03.stp,79.88300000000001,5.334,79.88300000000001,3924.5925847419867,5233.44421175344,1.3335000000000001
G:\My Drive\CAD Repository\Washers\STEP,1549fa9a-85ea-49ef-bfbe-4d365e447bfb.stp,76.70800000000001,5.334,76.70800000000001,3757.446392887559,5010.554764915561,1.3335000000000001
G:\My Drive\CAD Repository\Washers\STEP,ac337241-d258-4e1a-802a-ddb0df3a8a55.stp,73.53300000000002,5.334,73.53300000000002,3590.3002010331297,4787.665318077678,1.3335
G:\My Drive\CAD Repository\Washers\STEP,f97fac7b-021f-4cee-9de4-743854499f5a.stp,70.358,5.334,70.358,3423.154009178702,4564.775871239798,1.3334999999999997
G:\My Drive\CAD Repository\Washers\STEP,e377d201-af1f-456f-b100-4351bc998f18.stp,67.183,5.334,67.183,3256.0078173242723,4341.886424401917,1.3335
G:\My Drive\CAD Repository\Washers\STEP,a331ddee-c21f-4971-8bca-d78973b9b157.stp,64.00800000000001,5.334,64.00800000000001,3088.8616254698436,4118.996977564036,1.3334999999999997
G:\My Drive\CAD Repository\Washers\STEP,ccb5a84f-0069-4272-a245-5aac9f48d4ca.stp,60.833000000000006,5.334,60.833000000000006,2921.715433615415,3896.1075307261563,1.3335000000000001
G:\My Drive\CAD Repository\Washers\STEP,ec844e99-dda4-4584-bb18-9442022c05b5.stp,57.658,5.334,57.658,2754.5692417609857,3673.2180838882746,1.3335000000000001
G:\My Drive\CAD Repository\Washers\STEP,a4187ad4-1b2a-4d3f-a0be-a06aa440569e.stp,54.483000000000004,5.334,54.483000000000004,2587.4230499065575,3450.3286370503943,1.3335
G:\My Drive\CAD Repository\Washers\STEP,c4cb6b2d-65d0-412b-9a8c-4c1bac0dfe3f.stp,51.30800000000001,5.334,51.30800000000001,2420.2768580521283,3227.4391902125135,1.3335000000000001
G:\My Drive\CAD Repository\Washers\STEP,f7ec7c1f-f618-42e5-9cc5-ab33b7aea4a6.stp,48.13300000000001,5.334,48.13300000000001,2253.1306661977,3004.5497433746327,1.3335
G:\My Drive\CAD Repository\Washers\STEP,fbf86d4b-bedc-47f8-8491-6bd71be97a5d.stp,44.958,5.334,44.958,2085.984474343271,2781.660296536752,1.3335000000000001
G:\My Drive\CAD Repository\Washers\STEP,c32cebfd-0ef2-416c-971e-1bd874090c9c.stp,43.357800000000005,5.334,43.357800000000005,2001.7427936486388,2669.32401533046,1.3335000000000001
G:\My Drive\CAD Repository\Washers\STEP,59fc8143-2e61-4553-9f49-b8b1d2a3a4a6.stp,41.783,5.334,41.783,1918.8382824888424,2558.770849698871,1.3335
G:\My Drive\CAD Repository\Washers\STEP,dd9a1dc5-d78e-4f41-a690-9b7dfe68e464.stp,40.18280000000001,5.334,40.18280000000001,1834.5966017942103,2446.4345684925793,1.3335
G:\My Drive\CAD Repository\Washers\STEP,87a9693f-9290-48cc-a4f8-aa2be0e5afcf.stp,38.608000000000004,5.334,38.608000000000004,1751.6920906344133,2335.88140286099,1.3335
G:\My Drive\CAD Repository\Washers\STEP,3c5262ea-67aa-4acc-bc9b-dc4774fb130b.stp,37.0078,5.334,37.0078,1667.4504099397816,2223.5451216546985,1.3335
G:\My Drive\CAD Repository\Washers\STEP,768a4683-46d0-4736-9a7f-761987967df8.stp,35.433,5.334,35.433,1584.5458987799846,2112.9919560231097,1.3335000000000001
G:\My Drive\CAD Repository\Washers\STEP,ad7d6373-07c1-49c1-a7cd-b9b193fc94ae.stp,33.8328,5.334,33.8328,1500.3042180853524,2000.655674816818,1.3335000000000004
G:\My Drive\CAD Repository\Washers\STEP,a4a18853-12a7-4c9c-a232-9a8a515dcf52.stp,32.258,5.334,32.258,1417.3997069255558,1890.1025091852289,1.3335000000000001
G:\My Drive\CAD Repository\Washers\STEP,cae07d84-42ee-409d-9aed-8085e0c63487.stp,30.657799999999998,5.334,30.657799999999998,1333.1580262309237,1777.7662279789365,1.3334999999999997
G:\My Drive\CAD Repository\Washers\STEP,02ce143d-d1e0-4d84-8096-05c423a8e331.stp,29.083000000000002,5.334,29.083000000000002,1250.2535150711274,1667.2130623473483,1.3335
G:\My Drive\CAD Repository\Washers\STEP,f2eff85f-235d-4a11-9ec2-67de5210cc51.stp,27.482799999999997,5.334,27.482799999999997,1166.011834376495,1554.876781141056,1.3335
G:\My Drive\CAD Repository\Washers\STEP,2cd49abb-6cb0-4d80-afb4-61fc1e1834ce.stp,25.908,5.334,25.908,1083.1073232166984,1444.3236155094676,1.3335000000000001
G:\My Drive\CAD Repository\Washers\STEP,1bad8af3-7309-43fa-8647-fbc9c3678631.stp,24.3078,5.334,24.3078,998.8656425220663,1331.9873343031757,1.3335000000000001
G:\My Drive\CAD Repository\Washers\STEP,ec32eaba-1852-4f23-bfe7-e32dbec6cb4d.stp,22.733000000000004,5.334,22.733000000000004,915.9611313622697,1221.4341686715866,1.3335
G:\My Drive\CAD Repository\Washers\STEP,deb918f9-5488-4c87-aee1-eb73044ffe36.stp,21.1328,5.334,21.1328,831.7194506676376,1109.0978874652947,1.3335
G:\My Drive\CAD Repository\Washers\STEP,1e1e42ed-d650-4d1f-bafc-9176e3fc8761.stp,463.11820000000006,3.530599999999995,463.11820000000006,16014.617301430482,14135.301961107594,0.8826499999999987
G:\My Drive\CAD Repository\Washers\STEP,71c2d767-92ac-4f3d-8c0e-bd9ae2baaed5.stp,437.7182,3.530599999999995,437.7182,15129.538418848937,13354.087085396994,0.8826499999999986
G:\My Drive\CAD Repository\Washers\STEP,dfbdf757-9e1c-4fc2-9011-da803965104f.stp,412.31820000000005,3.530599999999995,412.31820000000005,14244.45953626739,12572.872209686397,0.8826499999999989
G:\My Drive\CAD Repository\Washers\STEP,81dd6330-3973-42f4-bf65-63353f6d601e.stp,387.65479999999997,3.530599999999995,387.65479999999997,13385.047941280709,11814.3125653714,0.8826499999999986
G:\My Drive\CAD Repository\Washers\STEP,39813bbe-f559-4090-b1f6-7f26e1f2a575.stp,362.2548,3.530599999999995,362.2548,12499.969058699166,11033.097689660799,0.8826499999999985
G:\My Drive\CAD Repository\Washers\STEP,c8697361-ea22-49a4-b38d-4efb0406aa09.stp,336.85479999999995,3.530599999999995,336.85479999999995,11614.890176117618,10251.8828139502,0.8826499999999986
G:\My Drive\CAD Repository\Washers\STEP,395a4863-2bba-492c-a548-d9e2d7d1f4fc.stp,311.4548,3.530599999999995,311.4548,10729.811293536075,9470.667938239601,0.8826499999999986
G:\My Drive\CAD Repository\Washers\STEP,18da2d83-7181-4c33-9cd7-3203526ec635.stp,298.7548,3.530599999999995,298.7548,10287.271852245301,9080.060500384301,0.8826499999999986
G:\My Drive\CAD Repository\Washers\STEP,d6cdaf4f-cbcf-4c91-b0f8-18817a6a0745.stp,286.05479999999994,3.530599999999995,286.05479999999994,9844.732410954528,8689.453062529,0.8826499999999986
G:\My Drive\CAD Repository\Washers\STEP,d2f8c734-9636-4c54-b575-b1bee3ddead5.stp,273.35479999999995,3.530599999999995,273.35479999999995,9402.192969663756,8298.8456246737,0.8826499999999985
G:\My Drive\CAD Repository\Washers\STEP,18488932-bc66-4778-81fd-c39d259abce5.stp,260.65479999999997,3.530599999999995,260.65479999999997,8959.653528372983,7908.238186818402,0.8826499999999987
G:\My Drive\CAD Repository\Washers\STEP,cd734843-e566-4f73-91cc-abac0bafb90f.stp,254.3048,3.530599999999995,254.3048,8738.383807727596,7712.934467890753,0.8826499999999989
G:\My Drive\CAD Repository\Washers\STEP,c88c7228-1844-4007-97ca-e0560572548b.stp,247.95479999999998,3.530599999999995,247.95479999999998,8517.11408708221,7517.630748963101,0.8826499999999987
G:\My Drive\CAD Repository\Washers\STEP,424db810-5c27-4463-b47d-5d5707283ff0.stp,241.60479999999995,3.530599999999995,241.60479999999995,8295.844366436822,7322.327030035451,0.8826499999999987
G:\My Drive\CAD Repository\Washers\STEP,a0eeeba2-da49-4b21-9030-14ce298a7968.stp,235.2548,3.530599999999995,235.2548,8074.5746457914365,7127.023311107802,0.8826499999999988
G:\My Drive\CAD Repository\Washers\STEP,9f78b434-1c3d-4d14-b431-29acb3c8140c.stp,228.90479999999997,3.530599999999995,228.90479999999997,7853.304925146051,6931.719592180151,0.8826499999999987
G:\My Drive\CAD Repository\Washers\STEP,7c3ff4f1-063c-438f-a4d7-4519be5ec535.stp,222.5548,3.530599999999995,222.5548,7632.035204500666,6736.415873252501,0.8826499999999985
G:\My Drive\CAD Repository\Washers\STEP,5641fc47-4527-41ab-9d86-cddcf55e6543.stp,216.20479999999998,3.530599999999995,216.20479999999998,7410.765483855277,6541.112154324851,0.8826499999999987
G:\My Drive\CAD Repository\Washers\STEP,81d06a0a-a594-4100-b07d-acda9dcbdb7e.stp,209.85479999999998,3.530599999999995,209.85479999999998,7189.495763209892,6345.808435397203,0.8826499999999988
G:\My Drive\CAD Repository\Washers\STEP,a77679a5-f867-4360-bbae-3d767538fb65.stp,203.50480000000002,3.530599999999995,203.50480000000002,6968.226042564507,6150.504716469552,0.8826499999999985
G:\My Drive\CAD Repository\Washers\STEP,04399ba5-da99-4670-8742-8277b96ad095.stp,197.1548,3.530599999999995,197.1548,6746.9563219191205,5955.200997541902,0.8826499999999986
G:\My Drive\CAD Repository\Washers\STEP,9f0326ed-e4dc-4a17-9561-fe652255b0dc.stp,190.8048,3.530599999999995,190.8048,6525.686601273735,5759.897278614253,0.8826499999999986
G:\My Drive\CAD Repository\Washers\STEP,f94a18c2-58db-4064-adaa-09cdd9d9934c.stp,184.4548,3.530599999999995,184.4548,6304.416880628347,5564.593559686603,0.8826499999999988
G:\My Drive\CAD Repository\Washers\STEP,86ae3517-68ab-42b1-9a97-32409bb06471.stp,178.10479999999998,3.530599999999995,178.10479999999998,6083.14715998296,5369.289840758953,0.8826499999999988
G:\My Drive\CAD Repository\Washers\STEP,d9ec6e20-eddd-42dc-a705-2d7d383b805b.stp,171.7548,3.530599999999995,171.7548,5861.877439337575,5173.986121831303,0.8826499999999986
G:\My Drive\CAD Repository\Washers\STEP,8b719cf5-49bb-4d0b-9793-f7c893c0d50c.stp,165.4048,3.530599999999995,165.4048,5640.607718692188,4978.6824029036525,0.8826499999999986
G:\My Drive\CAD Repository\Washers\STEP,7315fbd6-b5a8-47da-8240-c9a5ed4c9a89.stp,159.0548,3.530599999999995,159.0548,5419.3379980468035,4783.378683976003,0.8826499999999986
G:\My Drive\CAD Repository\Washers\STEP,7772061a-3697-4539-9e6a-d447dafe3588.stp,155.87980000000002,3.5306000000000104,155.87980000000002,5308.703137724132,4685.726824512219,0.8826500000000026
G:\My Drive\CAD Repository\Washers\STEP,43074f8d-0f9b-4946-94f6-f17d40dc7b2e.stp,152.70479999999998,3.530599999999995,152.70479999999998,5198.068277401417,4588.074965048353,0.8826499999999986
G:\My Drive\CAD Repository\Washers\STEP,d16ba6c6-ff4e-4140-8778-c17b0933ff6a.stp,149.52980000000002,3.5306000000000104,149.52980000000002,5087.433417078745,4490.423105584568,0.8826500000000026
G:\My Drive\CAD Repository\Washers\STEP,3a787eeb-e8de-49c9-b3e4-7bfbf494bb81.stp,146.35479999999998,3.530599999999995,146.35479999999998,4976.79855675603,4392.771246120703,0.8826499999999986
G:\My Drive\CAD Repository\Washers\STEP,5addb137-e533-4098-82ef-3b325b1ef622.stp,143.17980000000003,3.5306000000000104,143.17980000000003,4866.1636964333575,4295.1193866569165,0.8826500000000028
G:\My Drive\CAD Repository\Washers\STEP,39433761-352b-4513-9b1c-f6f26ab4be4d.stp,140.00480000000002,3.5306000000000104,140.00480000000002,4755.528836110663,4197.46752719309,0.8826500000000028
G:\My Drive\CAD Repository\Washers\STEP,fe6ed49c-5dac-489b-af79-f5970f6ceae0.stp,136.8298,3.530599999999995,136.8298,4644.893975787951,4099.815667729229,0.8826499999999988
G:\My Drive\CAD Repository\Washers\STEP,eb342789-8c2b-4293-b758-3953a71b1065.stp,133.65480000000002,3.5306000000000104,133.65480000000002,4534.259115465276,4002.163808265439,0.8826500000000028
G:\My Drive\CAD Repository\Washers\STEP,7540e3e4-4c8c-44e4-838b-d33c3d388c4a.stp,130.4798,3.530599999999995,130.4798,4423.624255142564,3904.5119488015785,0.8826499999999987
G:\My Drive\CAD Repository\Washers\STEP,05056938-d881-42e8-bb8d-fb6064909a8d.stp,127.3048,3.530599999999995,127.3048,4312.9893948198705,3806.860089337753,0.8826499999999986
G:\My Drive\CAD Repository\Washers\STEP,ce91583b-aa9a-4b52-ab33-732bc37f353d.stp,124.12979999999999,3.530599999999995,124.12979999999999,4202.354534497176,3709.2082298739288,0.882649999999999
G:\My Drive\CAD Repository\Washers\STEP,9b698bac-5835-4540-b9d0-43eef29dd296.stp,120.95480000000002,3.5306000000000104,120.95480000000002,4091.719674174503,3611.556370410134,0.8826500000000023
G:\My Drive\CAD Repository\Washers\STEP,65989f78-2531-47a4-ac92-7072ed567375.stp,117.7798,3.530599999999995,117.7798,3981.0848138517913,3513.9045109462777,0.8826499999999985
G:\My Drive\CAD Repository\Washers\STEP,27342b21-eb80-436f-9f13-d2b9804c73bf.stp,114.60480000000001,3.530599999999995,114.60480000000001,3870.4499535290984,3416.252651482454,0.8826499999999988
G:\My Drive\CAD Repository\Washers\STEP,864f047f-3335-4971-8088-4664a5f7dac7.stp,111.42980000000001,3.5306000000000104,111.42980000000001,3759.815093206421,3318.6007920186566,0.8826500000000025
G:\My Drive\CAD Repository\Washers\STEP,73add25e-6ef4-4b60-bcbc-4160fb2f1d2e.stp,108.2548,3.530599999999995,108.2548,3649.1802328837116,3220.9489325548034,0.8826499999999987
G:\My Drive\CAD Repository\Washers\STEP,2a3f6c49-61b0-4ca8-b5cf-4b66b364ecb2.stp,105.07980000000002,3.5306000000000104,105.07980000000002,3538.545372561034,3123.2970730910056,0.8826500000000025
G:\My Drive\CAD Repository\Washers\STEP,a767991c-408f-4c71-846b-e32c60158980.stp,101.9048,3.530599999999995,101.9048,3427.910512238325,3025.6452136271528,0.8826499999999986
G:\My Drive\CAD Repository\Washers\STEP,f3b01841-cb51-4844-ad0e-bfdfba85c2bb.stp,98.7298,3.530599999999995,98.7298,3317.2756519156314,2927.9933541633286,0.8826499999999989
G:\My Drive\CAD Repository\Washers\STEP,8ecd6e31-06f3-44e2-98c5-4bf7c01128ba.stp,95.5548,3.530599999999995,95.5548,3206.640791592939,2830.3414946995035,0.8826499999999987
G:\My Drive\CAD Repository\Washers\STEP,85a386a9-14e0-462e-b5f5-a8c2d6b19980.stp,92.3798,3.530599999999995,92.3798,3096.005931270246,2732.6896352356785,0.8826499999999986
G:\My Drive\CAD Repository\Washers\STEP,c6495d18-b8cb-49ff-ba07-691239b8d96f.stp,89.20479999999999,3.530599999999995,89.20479999999999,2985.371070947552,2635.037775771853,0.8826499999999986
G:\My Drive\CAD Repository\Washers\STEP,51d6be97-ee23-4481-aa04-71f9935838a2.stp,86.02980000000001,3.530599999999995,86.02980000000001,2874.73621062486,2537.3859163080288,0.8826499999999986
G:\My Drive\CAD Repository\Washers\STEP,ee3e87b7-cd27-4f14-b72c-86aa26722b85.stp,82.8548,3.530599999999995,82.8548,2764.101350302166,2439.734056844203,0.8826499999999987
G:\My Drive\CAD Repository\Washers\STEP,9a9ebc9d-199c-4af4-826e-0f70ef38cd96.stp,79.6798,3.530599999999995,79.6798,2653.4664899794734,2342.0821973803786,0.8826499999999986
G:\My Drive\CAD Repository\Washers\STEP,92d40ac4-8144-41ed-af3d-688e70fef73c.stp,76.5048,3.5306000000000006,76.5048,2542.831629656784,2244.4303379165603,0.8826499999999999
G:\My Drive\CAD Repository\Washers\STEP,74dbc1b3-92d8-4fc0-89a1-d8df79b42296.stp,73.3298,3.5306000000000006,73.3298,2432.1967693340907,2146.7784784527357,0.8826500000000003
G:\My Drive\CAD Repository\Washers\STEP,4556d723-179d-497a-90e9-49b061618371.stp,70.15480000000001,3.5306000000000006,70.15480000000001,2321.5619090113973,2049.12661898891,0.8826500000000002
G:\My Drive\CAD Repository\Washers\STEP,badeb6c6-0a86-4c59-8595-20ba5e7fd1cd.stp,66.97980000000001,3.5306000000000006,66.97980000000001,2210.927048688704,1951.474759525085,0.8826500000000002
G:\My Drive\CAD Repository\Washers\STEP,889f9903-61c3-4314-980e-db9bb0690f25.stp,63.8048,3.5306000000000006,63.8048,2100.2921883660106,1853.822900061259,0.8826499999999998
G:\My Drive\CAD Repository\Washers\STEP,88022793-95db-4be7-956f-8db20f624dbc.stp,60.6298,3.5306000000000006,60.6298,1989.6573280433174,1756.171040597434,0.8826499999999999
G:\My Drive\CAD Repository\Washers\STEP,54f28722-54b2-4497-906d-2427938fd051.stp,57.4548,3.530599999999995,57.4548,1879.0224677206209,1658.5191811336038,0.8826499999999988
G:\My Drive\CAD Repository\Washers\STEP,ca8c9493-b0e9-4703-815c-4ec1d731d6f8.stp,54.27979999999999,3.530599999999995,54.27979999999999,1768.3876073979275,1560.8673216697782,0.8826499999999986
G:\My Drive\CAD Repository\Washers\STEP,8599d789-e10b-4da8-8c45-3a3014e2021f.stp,51.1048,3.5306000000000006,51.1048,1657.7527470752373,1463.215462205958,0.8826499999999998
G:\My Drive\CAD Repository\Washers\STEP,2293e63a-276e-4a67-899f-0ec5f2b05ed8.stp,47.9298,3.5306000000000006,47.9298,1547.1178867525437,1365.5636027421328,0.8826500000000002
G:\My Drive\CAD Repository\Washers\STEP,17330dae-f689-4aee-bc51-f6cebce4deea.stp,44.7548,3.5306000000000006,44.7548,1436.4830264298503,1267.9117432783075,0.8826500000000002
G:\My Drive\CAD Repository\Washers\STEP,79bf8d89-f1cd-4589-ab20-b15a32134ea9.stp,43.1546,3.5306000000000006,43.1546,1380.7230568272128,1218.6952061085397,0.8826500000000003
G:\My Drive\CAD Repository\Washers\STEP,178a0892-9ec3-4313-a7df-b3ede38f374f.stp,41.579800000000006,3.5306000000000006,41.579800000000006,1325.8481661071569,1170.2598838144822,0.8826500000000002
G:\My Drive\CAD Repository\Washers\STEP,a68f5fee-054d-4f7a-872e-4fd0929a6d6b.stp,39.9796,3.530599999999995,39.9796,1270.0881965045176,1121.043346644711,0.8826499999999988
G:\My Drive\CAD Repository\Washers\STEP,63903030-656d-4ce3-9c2f-ded2e3281971.stp,38.4048,3.5306000000000006,38.4048,1215.2133057844637,1072.6080243506572,0.8826500000000002
G:\My Drive\CAD Repository\Washers\STEP,41c19a7e-ffeb-4dfc-be14-629fb8d616f4.stp,36.80460000000001,3.5306000000000006,36.80460000000001,1159.453336181826,1023.3914871808894,0.8826500000000006
G:\My Drive\CAD Repository\Washers\STEP,f0aac8b8-2c8e-4037-9a6d-5dd9993a86f2.stp,35.2298,3.5306000000000006,35.2298,1104.5784454617703,974.9561648868316,0.88265
G:\My Drive\CAD Repository\Washers\STEP,f3674531-b0a5-47d6-8e1c-9620ddd5900a.stp,33.6296,3.5306000000000006,33.6296,1048.8184758591326,925.7396277170639,0.8826500000000005
G:\My Drive\CAD Repository\Washers\STEP,a1affaa8-6357-4eb5-9c75-35bae8036400.stp,32.0548,3.5306000000000006,32.0548,993.9435851390771,877.3043054230064,0.88265
G:\My Drive\CAD Repository\Washers\STEP,daaab157-d5b4-492d-86d0-419f979e01ca.stp,30.454600000000003,3.5306000000000006,30.454600000000003,938.1836155364394,828.0877682532384,0.8826500000000002
G:\My Drive\CAD Repository\Washers\STEP,74041b2d-da04-4f42-bc79-de5eb5fe567d.stp,28.879800000000003,3.5306000000000006,28.879800000000003,883.3087248163837,779.6524459591811,0.88265
G:\My Drive\CAD Repository\Washers\STEP,ff79546c-cb06-4225-aa01-cda219f5bbb0.stp,27.279600000000002,3.5306000000000006,27.279600000000002,827.5487552137463,730.4359087894131,0.8826499999999999
G:\My Drive\CAD Repository\Washers\STEP,61cbc308-7047-4579-8923-4480b15606e6.stp,25.704800000000002,3.5306000000000006,25.704800000000002,772.6738644936903,682.0005864953557,0.8826499999999999
G:\My Drive\CAD Repository\Washers\STEP,c4650100-d1e5-4a6f-a07e-cccc555f27e5.stp,24.104600000000005,3.5306000000000006,24.104600000000005,716.9138948910529,632.7840493255881,0.8826500000000003
G:\My Drive\CAD Repository\Washers\STEP,4c7f972c-471c-4e6e-ab33-9508ac20836a.stp,22.5298,3.5306000000000006,22.5298,662.0390041709969,584.3487270315305,0.8826500000000002
G:\My Drive\CAD Repository\Washers\STEP,2d9e8ea6-7295-4bd0-945c-567caf98270e.stp,20.929599999999997,3.530599999999995,20.929599999999997,606.2790345683585,535.1321898617609,0.8826499999999988
G:\My Drive\CAD Repository\Washers\STEP,f0a2d6e4-e9bd-41b8-86b6-a6703a51736f.stp,19.3548,3.5306000000000006,19.3548,551.4041438483036,486.6968675677053,0.8826500000000002
G:\My Drive\CAD Repository\Washers\STEP,8df9fc8a-1229-4572-9bc5-3253d945dcd5.stp,17.754600000000003,3.5306000000000006,17.754600000000003,495.64417424566614,437.48033039793745,0.8826500000000005
G:\My Drive\CAD Repository\Washers\STEP,a947b6d0-fbd8-4818-86d6-96d4db79e206.stp,16.1798,3.5306000000000006,16.1798,440.7692835256103,389.0450081038799,0.8826499999999999
G:\My Drive\CAD Repository\Washers\STEP,fc1c26c7-140d-45f7-869b-262c40ec2279.stp,14.5796,3.5306000000000006,14.5796,385.0093139229728,339.828470934112,0.88265
G:\My Drive\CAD Repository\Washers\STEP,b5d66193-49dc-45c4-83eb-ef9e11992ff6.stp,13.004800000000001,3.5306000000000006,13.004800000000001,330.13442320291693,291.3931486400547,0.8826500000000002
G:\My Drive\CAD Repository\Washers\STEP,a238dc93-0082-4162-b9f4-a756dda54987.stp,11.4046,3.5306000000000006,11.4046,274.3744536002795,242.1766114702867,0.88265
G:\My Drive\CAD Repository\Washers\STEP,ccda7138-1a68-458d-8439-c2bd4cbf87a4.stp,252.55220000000003,2.6162000000000054,252.55220000000003,6453.562223554323,4220.952372315714,0.6540500000000014
G:\My Drive\CAD Repository\Washers\STEP,987e927b-794f-4b29-ac69-a3e20d2deae0.stp,246.2022,2.6162000000000054,246.2022,6289.599768687598,4113.712728710132,0.6540500000000014
G:\My Drive\CAD Repository\Washers\STEP,1ac71ec7-04fe-4f98-8e09-6fdcbe3a147f.stp,239.8522,2.6162000000000054,239.8522,6125.637313820873,4006.4730851045497,0.6540500000000012
G:\My Drive\CAD Repository\Washers\STEP,fc4a197c-8b05-46f6-b37a-d7cfb06b6daa.stp,233.50220000000002,2.6162000000000054,233.50220000000002,5961.674858954146,3899.233441498967,0.6540500000000014
G:\My Drive\CAD Repository\Washers\STEP,0c12daf5-9630-4aa6-a83c-741f27d4a7a5.stp,227.15220000000002,2.6162000000000054,227.15220000000002,5797.7124040874205,3791.9937978933854,0.6540500000000014
G:\My Drive\CAD Repository\Washers\STEP,72984023-4b0c-4cbb-adfa-a56d748a47ba.stp,220.8022,2.6162000000000054,220.8022,5633.749949220693,3684.754154287803,0.6540500000000015
G:\My Drive\CAD Repository\Washers\STEP,a784d3b0-1a5f-4710-afe6-d5a758efea6a.stp,214.4522,2.6162000000000054,214.4522,5469.787494353969,3577.514510682221,0.6540500000000014
G:\My Drive\CAD Repository\Washers\STEP,d1dd8092-a238-4d4a-89b3-0631ee4db0e9.stp,208.1022,2.6162000000000054,208.1022,5305.825039487244,3470.2748670766387,0.6540500000000012
G:\My Drive\CAD Repository\Washers\STEP,7b4b1e02-c90d-49fb-a857-ce7d244f85ab.stp,201.7522,2.6162000000000054,201.7522,5141.862584620518,3363.035223471056,0.6540500000000012
G:\My Drive\CAD Repository\Washers\STEP,25581e58-0df6-46a4-9dfa-a55254781cc3.stp,195.40220000000002,2.6162000000000054,195.40220000000002,4977.900129753792,3255.795579865474,0.6540500000000014
G:\My Drive\CAD Repository\Washers\STEP,0a6f17e4-5ade-4b0d-98bb-c5e20a245782.stp,189.0522,2.6162000000000054,189.0522,4813.937674887066,3148.5559362598915,0.6540500000000012
G:\My Drive\CAD Repository\Washers\STEP,fb0c56f3-3504-43a1-879d-082cc671e593.stp,182.7022,2.6162000000000054,182.7022,4649.975220020341,3041.31629265431,0.6540500000000012
G:\My Drive\CAD Repository\Washers\STEP,f1e29ccf-89b5-43af-a4d1-2ce58e963695.stp,176.3522,2.6162000000000054,176.3522,4486.012765153615,2934.076649048727,0.6540500000000011
G:\My Drive\CAD Repository\Washers\STEP,8224949c-b04c-4109-a964-f6123cd2aec3.stp,170.0022,2.6162000000000054,170.0022,4322.050310286888,2826.837005443145,0.6540500000000014
G:\My Drive\CAD Repository\Washers\STEP,a2bdac10-cd8e-43f0-bc12-8044211d6e37.stp,163.6522,2.6162000000000054,163.6522,4158.087855420164,2719.5973618375633,0.6540500000000012
G:\My Drive\CAD Repository\Washers\STEP,1a1e1571-5d8c-43ea-b8e5-544fadb86f44.stp,157.3022,2.6162000000000054,157.3022,3994.1254005534383,2612.357718231982,0.6540500000000014
G:\My Drive\CAD Repository\Washers\STEP,dc33b7dd-e8b8-45f6-96ac-dc44806903b8.stp,150.9522,2.6162000000000054,150.9522,3830.1629456867117,2505.1180746263994,0.6540500000000015
G:\My Drive\CAD Repository\Washers\STEP,21e052ff-09aa-411c-b234-bf401aa6730c.stp,144.60219999999998,2.6162000000000054,144.60219999999998,3666.200490819986,2397.8784310208166,0.6540500000000012
G:\My Drive\CAD Repository\Washers\STEP,e2c27b5e-9c1e-42a7-9685-f39e05ceda47.stp,138.2522,2.6162000000000054,138.2522,3502.2380359532604,2290.6387874152347,0.6540500000000014
G:\My Drive\CAD Repository\Washers\STEP,0bc4d218-3900-4042-9e4d-70a53fcb2d29.stp,131.9022,2.6162000000000054,131.9022,3338.275581086534,2183.3991438096523,0.6540500000000014
G:\My Drive\CAD Repository\Washers\STEP,6d94ad13-facb-4b29-91f3-718334455792.stp,125.55219999999998,2.6161999999999903,125.55219999999998,3174.313126219791,2076.1595002040463,0.6540499999999975
G:\My Drive\CAD Repository\Washers\STEP,32c3c7df-924a-41b7-ad78-dfed3286707c.stp,119.20219999999999,2.6161999999999903,119.20219999999999,3010.350671353066,1968.919856598466,0.6540499999999977
G:\My Drive\CAD Repository\Washers\STEP,79eff854-c054-42aa-bb53-2ba909aa6e30.stp,112.85219999999998,2.6161999999999903,112.85219999999998,2846.388216486341,1861.6802129928851,0.6540499999999978
G:\My Drive\CAD Repository\Washers\STEP,06de4296-33e7-484f-90b0-cd517fad779f.stp,106.50220000000002,2.6162000000000054,106.50220000000002,2682.4257616196323,1754.4405693873243,0.6540500000000015
G:\My Drive\CAD Repository\Washers\STEP,835a21d3-972f-4a9c-94d4-3b778b8e182d.stp,100.15220000000001,2.6162000000000054,100.15220000000001,2518.463306752906,1647.200925781742,0.6540500000000015
G:\My Drive\CAD Repository\Washers\STEP,c8d58bf7-2a6b-42f6-9f95-e3bbe973c6b9.stp,93.8022,2.6162000000000054,93.8022,2354.5008518861805,1539.9612821761596,0.6540500000000014
G:\My Drive\CAD Repository\Washers\STEP,20106863-9330-4561-843f-a0cda5bd28e7.stp,87.4522,2.6162000000000054,87.4522,2190.538397019455,1432.7216385705772,0.6540500000000012
G:\My Drive\CAD Repository\Washers\STEP,0a395095-5f84-4975-a4b2-eced6e247ca6.stp,81.10219999999998,2.616199999999995,81.10219999999998,2026.5759421527214,1325.4819949649852,0.6540499999999989
G:\My Drive\CAD Repository\Washers\STEP,1db2fea6-1901-4fb2-b91d-4eb19bb7dca8.stp,77.9272,2.616199999999995,77.9272,1944.5947147193592,1271.8621731621947,0.6540499999999989
G:\My Drive\CAD Repository\Washers\STEP,ae3f2af7-aa92-443e-b531-8b95b07215d1.stp,76.3524,2.6162000000000054,76.3524,1903.9320259124186,1245.2667415480198,0.6540500000000012
G:\My Drive\CAD Repository\Washers\STEP,a6eea8c0-e558-4ef9-aec1-22beaf9bd28d.stp,74.75219999999999,2.616199999999995,74.75219999999999,1862.6134872859968,1218.2423513594038,0.6540499999999987
G:\My Drive\CAD Repository\Washers\STEP,b436e730-e87e-48b2-9cbf-534885eb32a5.stp,73.1774,2.6162000000000054,73.1774,1821.9507984790557,1191.6469197452288,0.6540500000000014
G:\My Drive\CAD Repository\Washers\STEP,9c0da36b-8ade-47c3-959b-8919627996e4.stp,71.5772,2.6162000000000054,71.5772,1780.632259852641,1164.622529556622,0.6540500000000012
G:\My Drive\CAD Repository\Washers\STEP,b169b8de-a6bb-4600-a298-4260a8cf47b4.stp,70.00240000000001,2.6162000000000054,70.00240000000001,1739.969571045693,1138.0270979424376,0.6540500000000012
G:\My Drive\CAD Repository\Washers\STEP,900af67c-f83d-4f7a-a638-d9a2dc12903d.stp,68.40220000000001,2.6162000000000054,68.40220000000001,1698.6510324192782,1111.002707753831,0.6540500000000012
G:\My Drive\CAD Repository\Washers\STEP,83001c66-b8a3-45f6-a6b2-6877c4d5ad11.stp,66.82740000000001,2.6162000000000054,66.82740000000001,1657.98834361233,1084.4072761396467,0.6540500000000014
G:\My Drive\CAD Repository\Washers\STEP,f82c3afe-5669-41a9-9bb5-7b47e437c757.stp,65.22720000000001,2.6162000000000054,65.22720000000001,1616.669804985915,1057.38288595104,0.6540500000000014
G:\My Drive\CAD Repository\Washers\STEP,f68d4909-5c76-41e9-a8a9-31224cc284db.stp,63.65240000000001,2.6162000000000054,63.65240000000001,1576.0071161789674,1030.7874543368557,0.6540500000000014
G:\My Drive\CAD Repository\Washers\STEP,aa61c7f2-4356-430a-8f1a-cec25fed0dbc.stp,62.052200000000006,2.6162000000000054,62.052200000000006,1534.6885775525523,1003.7630641482486,0.6540500000000012
G:\My Drive\CAD Repository\Washers\STEP,bca9ad99-fc51-4ded-9efb-aeb6f5429c3e.stp,60.47740000000001,2.6162000000000054,60.47740000000001,1494.0258887456046,977.1676325340645,0.6540500000000012
G:\My Drive\CAD Repository\Washers\STEP,c459ee26-3b9a-4d28-b695-9b2b296d1fe7.stp,58.8772,2.616199999999995,58.8772,1452.707350119184,950.1432423454506,0.6540499999999989
G:\My Drive\CAD Repository\Washers\STEP,e057119e-d046-47c2-8d3e-fff0aff92e08.stp,57.30240000000001,2.6162000000000054,57.30240000000001,1412.0446613122417,923.5478107312733,0.6540500000000011
G:\My Drive\CAD Repository\Washers\STEP,28f5017e-d1a4-4cb8-85e3-c61b3573c249.stp,55.70219999999999,2.616199999999995,55.70219999999999,1370.7261226858213,896.5234205426598,0.6540499999999988
G:\My Drive\CAD Repository\Washers\STEP,a5955e91-533c-4a20-af3f-56a10c78450e.stp,54.1274,2.6162000000000054,54.1274,1330.0634338788786,869.9279889284823,0.6540500000000012
G:\My Drive\CAD Repository\Washers\STEP,3eda6bcc-4b8f-4512-ac6e-af4522b59758.stp,52.5272,2.616199999999995,52.5272,1288.7448952524592,842.9035987398693,0.6540499999999987
G:\My Drive\CAD Repository\Washers\STEP,da16f993-cf0a-434b-88d7-0cc7154f0c8f.stp,50.927,2.616199999999995,50.927,1247.4263566260443,815.8792085512628,0.6540499999999988
G:\My Drive\CAD Repository\Washers\STEP,02744be5-e7bd-4082-a293-029f9b4beb0f.stp,49.3522,2.616199999999995,49.3522,1206.7636678190966,789.2837769370786,0.6540499999999988
G:\My Drive\CAD Repository\Washers\STEP,8b222b09-0a29-43b4-bae9-1a132773a281.stp,47.75200000000001,2.6162000000000054,47.75200000000001,1165.4451291926864,762.2593867484779,0.6540500000000012
G:\My Drive\CAD Repository\Washers\STEP,fdb648de-d13b-4354-8ed0-583505803998.stp,46.17720000000001,2.6162000000000054,46.17720000000001,1124.7824403857385,735.6639551342937,0.6540500000000012
G:\My Drive\CAD Repository\Washers\STEP,ef4b7598-5708-4c1b-ad4c-ca64d4d89648.stp,44.577,2.616199999999995,44.577,1083.4639017593195,708.6395649456815,0.6540499999999987
G:\My Drive\CAD Repository\Washers\STEP,986dcf3b-f516-4f2a-b84d-e651c95a3d0d.stp,43.0022,2.616199999999995,43.0022,1042.8012129523715,682.0441333314975,0.6540499999999989
G:\My Drive\CAD Repository\Washers\STEP,353d8094-e763-493a-b807-1a3219d0c16e.stp,41.402,2.6161999999999996,41.402,1001.4826743259584,655.0197431428929,0.6540499999999998
G:\My Drive\CAD Repository\Washers\STEP,ff530c83-303e-4323-9a8b-4c6d19b18d74.stp,39.8272,2.616199999999995,39.8272,960.819985519009,628.4243115287067,0.6540499999999987
G:\My Drive\CAD Repository\Washers\STEP,ee29271e-b7c1-4d18-9aa0-0b74d88bf9c6.stp,38.22699999999999,2.616199999999995,38.22699999999999,919.5014468925942,601.3999213401001,0.6540499999999988
G:\My Drive\CAD Repository\Washers\STEP,4dd2f918-b3d5-48e6-98a3-f83e7dc583e3.stp,36.65219999999999,2.616199999999995,36.65219999999999,878.8387580856463,574.804489725916,0.6540499999999989
G:\My Drive\CAD Repository\Washers\STEP,359b7f17-a176-4b99-81b3-951afce7dd49.stp,35.05199999999999,2.616199999999995,35.05199999999999,837.5202194592315,547.7800995373094,0.6540499999999989
G:\My Drive\CAD Repository\Washers\STEP,d8a19cc6-1938-4cc9-8761-3512330e9e87.stp,33.477199999999996,2.616199999999995,33.477199999999996,796.8575306522838,521.1846679231253,0.6540499999999988
G:\My Drive\CAD Repository\Washers\STEP,f8ba8c7f-47c0-4c55-9b21-554d1b4bb01e.stp,31.876999999999995,2.616199999999995,31.876999999999995,755.538992025869,494.1602777345188,0.6540499999999989
G:\My Drive\CAD Repository\Washers\STEP,ed7970f0-1890-4ba7-8685-ac9e3f2fd99c.stp,30.3022,2.6161999999999996,30.3022,714.8763032189227,467.56484612033614,0.6540499999999997
G:\My Drive\CAD Repository\Washers\STEP,befb0369-3a28-47bf-a6b3-197df3589270.stp,28.701999999999998,2.616199999999995,28.701999999999998,673.5577645925065,440.5404559317282,0.654049999999999
G:\My Drive\CAD Repository\Washers\STEP,75b6c6dd-7696-4aab-afc3-72ed90311480.stp,27.12719999999999,2.616199999999995,27.12719999999999,632.8950757855587,413.9450243175439,0.6540499999999988
G:\My Drive\CAD Repository\Washers\STEP,fe7562d8-4d62-4df1-89b7-d6a7674e4361.stp,25.526999999999997,2.616199999999995,25.526999999999997,591.576537159144,386.9206341289374,0.6540499999999988
G:\My Drive\CAD Repository\Washers\STEP,7f8e9585-587d-4a8c-8453-eb67ab43ec64.stp,23.9522,2.6161999999999996,23.9522,550.9138483521972,360.32520251475444,0.6540499999999998
G:\My Drive\CAD Repository\Washers\STEP,ead81edd-12a2-4d20-bf93-f6a55dc17091.stp,22.351999999999997,2.616199999999995,22.351999999999997,509.5953097257816,333.30081232614674,0.6540499999999986
G:\My Drive\CAD Repository\Washers\STEP,11e49eca-a024-4c8a-b0d8-02680a97626c.stp,20.777199999999993,2.616199999999995,20.777199999999993,468.9326209188336,306.70538071196256,0.6540499999999988
G:\My Drive\CAD Repository\Washers\STEP,6cfeefdc-1195-4501-a0cf-195147f10523.stp,19.177,2.6161999999999996,19.177,427.6140822924196,279.68099052335697,0.6540499999999998
G:\My Drive\CAD Repository\Washers\STEP,21f0fba4-be43-4ea3-a464-05d39f84072a.stp,17.6022,2.6161999999999996,17.6022,386.9513934854718,253.0855589091728,0.6540499999999999
G:\My Drive\CAD Repository\Washers\STEP,fd36e827-5aea-4cd6-b5b2-f51b4eed8a76.stp,16.002000000000002,2.6161999999999996,16.002000000000002,345.63285485905703,226.06116872056623,0.6540499999999999
G:\My Drive\CAD Repository\Washers\STEP,d1276ac0-283b-4ea0-9068-b7f439058235.stp,14.4272,2.6161999999999996,14.4272,304.97016605210916,199.46573710638197,0.6540499999999999
G:\My Drive\CAD Repository\Washers\STEP,fec68996-1414-4f3b-9ec5-4457798ef4ee.stp,12.827,2.6161999999999996,12.827,263.6516274256943,172.44134691777535,0.65405
G:\My Drive\CAD Repository\Washers\STEP,b48e27bf-f583-4c0a-98b0-88e9b212d85d.stp,11.252200000000002,2.6161999999999996,11.252200000000002,222.98893861874646,145.84591530359108,0.6540499999999998
G:\My Drive\CAD Repository\Washers\STEP,b3911c22-6431-4150-b08f-585d2aecd43a.stp,10.464799999999999,2.6161999999999996,10.464799999999999,202.6575942152725,132.54819949649897,0.6540499999999999
G:\My Drive\CAD Repository\Washers\STEP,5a1a027a-d82e-4323-af05-c1c275f26f43.stp,9.652000000000001,2.6161999999999996,9.652000000000001,181.6703999923317,118.82152511498454,0.6540499999999999
G:\My Drive\CAD Repository\Washers\STEP,43a143e3-3a12-4f6e-80cb-51e333324226.stp,8.8646,2.6161999999999996,8.8646,161.33905558885772,105.52380930789238,0.6540499999999999
G:\My Drive\CAD Repository\Washers\STEP,0e655236-2c17-4c6e-8398-07888677df7d.stp,8.0772,2.6161999999999996,8.0772,141.0077111853838,92.22609350080027,0.6540499999999999
G:\My Drive\CAD Repository\Washers\STEP,e3e5dde7-de6a-485a-968e-e87407394049.stp,7.2898,2.6161999999999996,7.2898,120.67636678190985,78.92837769370814,0.65405
G:\My Drive\CAD Repository\Washers\STEP,5fed8e08-60c9-4aea-a024-f96b059f5de1.stp,6.476999999999995,2.6161999999999996,6.476999999999995,99.68917255896888,65.20170331219357,0.6540499999999998
G:\My Drive\CAD Repository\Washers\STEP,23a15a48-93a0-4b94-a895-106ad23fa4fd.stp,168.3766,1.7779999999999798,168.3766,2923.4983263284958,1299.495006053002,0.4444999999999951
G:\My Drive\CAD Repository\Washers\STEP,1806aa36-0a11-40e6-945f-d4ff6b518af0.stp,162.02659999999997,1.7779999999999798,162.02659999999997,2812.0675317588775,1249.964017866807,0.44449999999999495
G:\My Drive\CAD Repository\Washers\STEP,f27769d2-4e6d-452a-a33a-d718b291695a.stp,155.6766,1.777999999999995,155.6766,2700.636737189283,1200.4330296806327,0.4444999999999987
G:\My Drive\CAD Repository\Washers\STEP,985f8a4c-56fa-4c00-8c3e-04065cd21854.stp,149.3266,1.777999999999995,149.3266,2589.2059426196643,1150.9020414944373,0.4444999999999987
G:\My Drive\CAD Repository\Washers\STEP,5694970e-094e-45ee-a2d0-d722d1603e0a.stp,142.97660000000002,1.777999999999995,142.97660000000002,2477.7751480500447,1101.371053308242,0.44449999999999884
G:\My Drive\CAD Repository\Washers\STEP,0c0436f1-8124-45bb-8ca0-b33d64ae26e8.stp,136.6266,1.777999999999995,136.6266,2366.3443534804264,1051.8400651220463,0.4444999999999986
G:\My Drive\CAD Repository\Washers\STEP,6c759e9d-f925-4c01-9de3-85eaf40fe351.stp,130.2766,1.777999999999995,130.2766,2254.9135589108073,1002.309076935851,0.44449999999999873
G:\My Drive\CAD Repository\Washers\STEP,55d4753d-d510-4f67-b0eb-bd7836360575.stp,123.9266,1.777999999999995,123.9266,2143.4827643411886,952.7780887496556,0.44449999999999873
G:\My Drive\CAD Repository\Washers\STEP,75efb8ce-4118-4ef2-ba4f-096e103d9de7.stp,117.5766,1.777999999999995,117.5766,2032.0519697715692,903.2471005634601,0.4444999999999988
G:\My Drive\CAD Repository\Washers\STEP,f91cb34e-f7dd-470b-bc8d-d69c6de031d7.stp,111.22660000000002,1.7780000000000153,111.22660000000002,1920.621175201973,853.7161123772843,0.4445000000000038
G:\My Drive\CAD Repository\Washers\STEP,04d84a36-8563-4280-8eae-41e6019e72c3.stp,104.8766,1.777999999999995,104.8766,1809.1903806323319,804.1851241910692,0.44449999999999873
G:\My Drive\CAD Repository\Washers\STEP,8961e238-92a1-4830-b264-a38ce5b88447.stp,98.52660000000002,1.7780000000000153,98.52660000000002,1697.7595860627325,754.6541360048913,0.4445000000000039
G:\My Drive\CAD Repository\Washers\STEP,ddefda3f-3b30-4669-9f24-557196bd4551.stp,92.17660000000002,1.7780000000000153,92.17660000000002,1586.3287914931125,705.1231478186946,0.4445000000000039
G:\My Drive\CAD Repository\Washers\STEP,99c96e0a-2a11-4654-8064-c932f5866593.stp,85.82660000000003,1.7780000000000153,85.82660000000003,1474.8979969234924,655.592159632498,0.44450000000000384
G:\My Drive\CAD Repository\Washers\STEP,5bebbfa1-bb1c-4d7a-b9b0-fc539dbe15ac.stp,79.4766,1.777999999999995,79.4766,1363.4672023538562,606.0611714462874,0.4444999999999988
G:\My Drive\CAD Repository\Washers\STEP,3591aa8b-b1dc-4b74-86d3-40343ce433c1.stp,76.30160000000001,1.777999999999995,76.30160000000001,1307.7518050690471,581.2956773531897,0.4444999999999987
G:\My Drive\CAD Repository\Washers\STEP,902d76b9-3c6d-4050-9bd3-e8c0e3283bf5.stp,73.12660000000001,1.7780000000000051,73.12660000000001,1252.0364077842448,556.5301832600985,0.44450000000000134
G:\My Drive\CAD Repository\Washers\STEP,783ca628-580f-48a0-bdf6-69810265aed6.stp,69.95160000000001,1.7780000000000051,69.95160000000001,1196.321010499435,531.7646891670005,0.44450000000000134
G:\My Drive\CAD Repository\Washers\STEP,7e0beb3f-2377-4c4d-8c03-1a1cd4f57df4.stp,66.77660000000002,1.7780000000000051,66.77660000000002,1140.6056132146255,506.99919507390234,0.44450000000000117
G:\My Drive\CAD Repository\Washers\STEP,f6defc2a-c913-498f-9612-0cabf69edbe3.stp,63.601600000000005,1.7780000000000051,63.601600000000005,1084.8902159298154,482.23370098080443,0.44450000000000134
G:\My Drive\CAD Repository\Washers\STEP,9af47f80-9ce0-43de-b402-17d3ff4d7435.stp,60.42659999999999,1.777999999999995,60.42659999999999,1029.174818645,457.46820688770106,0.4444999999999986
G:\My Drive\CAD Repository\Washers\STEP,47588fbc-8ff9-426b-a9df-b4520715b5d8.stp,57.251599999999996,1.777999999999995,57.251599999999996,973.4594213601904,432.70271279460337,0.44449999999999873
G:\My Drive\CAD Repository\Washers\STEP,82318901-91dd-4775-8f5f-6ab87f46335d.stp,54.0766,1.777999999999995,54.0766,917.744024075381,407.9372187015056,0.4444999999999986
G:\My Drive\CAD Repository\Washers\STEP,045e24ea-c91c-4f22-b993-65fceb40aa8c.stp,50.90159999999999,1.777999999999995,50.90159999999999,862.0286267905714,383.1717246084079,0.44449999999999873
G:\My Drive\CAD Repository\Washers\STEP,6d779287-6854-4a59-9617-e83319a1616a.stp,47.726600000000005,1.7780000000000051,47.726600000000005,806.3132295057667,358.4062305153143,0.4445000000000012
G:\My Drive\CAD Repository\Washers\STEP,9ee9d6ce-b975-4e69-9744-18bd86fa3af5.stp,44.5516,1.7780000000000051,44.5516,750.597832220957,333.64073642221626,0.44450000000000117
G:\My Drive\CAD Repository\Washers\STEP,ea78907b-e4be-4cbb-bf3c-0ea2d70cdce8.stp,41.3766,1.7780000000000051,41.3766,694.8824349361471,308.87524232911835,0.4445000000000014
G:\My Drive\CAD Repository\Washers\STEP,2021a616-5820-4841-bc95-3b9a9b933764.stp,38.201600000000006,1.7780000000000051,38.201600000000006,639.1670376513374,284.1097482360203,0.44450000000000134
G:\My Drive\CAD Repository\Washers\STEP,8b155364-007c-47a2-9cd5-c2ba04022316.stp,36.601400000000005,1.7780000000000051,36.601400000000005,611.0864774197934,271.6279392130989,0.4445000000000012
G:\My Drive\CAD Repository\Washers\STEP,b582349e-0ee8-4a20-8847-65e0de5a3a12.stp,35.0266,1.7780000000000051,35.0266,583.4516403665276,259.3442541429223,0.44450000000000134
G:\My Drive\CAD Repository\Washers\STEP,c6d7466d-e131-418f-a5a9-c5c04f91e08d.stp,33.4264,1.7780000000000051,33.4264,555.3710801349836,246.86244512000084,0.44450000000000117
G:\My Drive\CAD Repository\Washers\STEP,be782fba-a83f-4b84-a8d1-6640e5c2a380.stp,31.851599999999998,1.778,31.851599999999998,527.7362430817165,234.57876004982296,0.4445
G:\My Drive\CAD Repository\Washers\STEP,84214ad3-6631-4a6f-bc22-5d75ad1f446d.stp,30.251400000000004,1.7780000000000051,30.251400000000004,499.65568285017383,222.0969510269029,0.4445000000000013
G:\My Drive\CAD Repository\Washers\STEP,eb3ec75e-c647-43f4-88bd-df4606e9f058.stp,28.6766,1.778,28.6766,472.0208457969068,209.81326595672513,0.4445000000000001
G:\My Drive\CAD Repository\Washers\STEP,ea09953f-83e5-41ab-abd5-3ec5135f39a7.stp,27.0764,1.778,27.0764,443.94028556536284,197.3314569338038,0.4445
G:\My Drive\CAD Repository\Washers\STEP,efd34717-6db3-47d4-93b8-f11f4a7518f6.stp,25.5016,1.778,25.5016,416.30544851209726,185.04777186362728,0.4445000000000001
G:\My Drive\CAD Repository\Washers\STEP,d561a7d3-5797-4720-91c7-a32aa6f5f327.stp,23.901399999999995,1.777999999999995,23.901399999999995,388.2248882805521,172.56596284070494,0.44449999999999884
G:\My Drive\CAD Repository\Washers\STEP,a1a699b4-3ab1-454f-b228-793e5688bfe5.stp,22.3266,1.778,22.3266,360.59005122728774,160.2822777705294,0.44449999999999995
G:\My Drive\CAD Repository\Washers\STEP,2492a773-5536-4190-a2e8-d6b4bf7ea36b.stp,20.7264,1.778,20.7264,332.5094909957437,147.80046874760808,0.4445
G:\My Drive\CAD Repository\Washers\STEP,e9db13b2-2a58-456c-bc49-00c9a57d2a5b.stp,19.151600000000002,1.778,19.151600000000002,304.8746539424781,135.51678367743156,0.4445000000000001
G:\My Drive\CAD Repository\Washers\STEP,1c784a30-af67-4708-95db-4badab57cc67.stp,17.5514,1.778,17.5514,276.7940937109341,123.0349746545102,0.4445
G:\My Drive\CAD Repository\Washers\STEP,4744fb16-a342-4087-839f-eb13abac5521.stp,15.976600000000001,1.778,15.976600000000001,249.15925665766855,110.75128958433366,0.44449999999999995
G:\My Drive\CAD Repository\Washers\STEP,66d348d3-d267-490d-a7a5-ebc37adf8bc7.stp,14.3764,1.778,14.3764,221.07869642612448,98.26948056141234,0.4445
G:\My Drive\CAD Repository\Washers\STEP,3d1cca10-7b9d-489a-8d47-7ce54db04f23.stp,12.8016,1.778,12.8016,193.4438593728589,85.9857954912358,0.4445000000000001
G:\My Drive\CAD Repository\Washers\STEP,dc361889-79e0-4899-8003-74964c478a70.stp,11.2014,1.778,11.2014,165.36329914131485,73.50398646831447,0.44450000000000006
G:\My Drive\CAD Repository\Washers\STEP,54987817-61ec-40d5-9a22-ce685776d68a.stp,9.6266,1.778,9.6266,137.7284620880493,61.22030139813791,0.4445
G:\My Drive\CAD Repository\Washers\STEP,f382177d-f3ce-46bb-a383-bfc230b0be3f.stp,8.8392,1.778,8.8392,123.91104356141656,55.07845886304967,0.44450000000000006
G:\My Drive\CAD Repository\Washers\STEP,843664a8-83c6-400c-9759-662388d37f68.stp,8.0264,1.778,8.0264,109.64790185650526,48.738492375216595,0.44450000000000006
G:\My Drive\CAD Repository\Washers\STEP,3e23b2c2-1ce3-41f8-9599-589d823fca5f.stp,7.239,1.778,7.239,95.83048332987252,42.596649840128336,0.4445
G:\My Drive\CAD Repository\Washers\STEP,158ec452-db1d-4209-8b9f-59d74a78046f.stp,6.451599999999999,1.778,6.451599999999999,82.01306480323971,36.454807305040056,0.44450000000000006
G:\My Drive\CAD Repository\Washers\STEP,975a68f2-5c03-45e0-9693-7b2ba155bb33.stp,6.121400000000001,1.778,6.121400000000001,76.21866348561953,33.87919591935789,0.4445000000000001
G:\My Drive\CAD Repository\Washers\STEP,c7fab052-3ad3-43a7-8376-98771ac08a60.stp,5.334000000000001,1.778,5.334000000000001,62.401244958986744,27.73735338426961,0.44450000000000006
G:\My Drive\CAD Repository\Washers\STEP,0813f773-0ac1-43ae-bafa-990345084333.stp,4.4704,1.524,4.4704,44.3176188688314,16.885012789024767,0.38100000000000006
G:\My Drive\CAD Repository\Washers\STEP,b9c7b614-230f-46f5-96bd-c582316ca7eb.stp,3.6068,1.27,3.6068,29.29038028687132,9.299695741081646,0.31750000000000006
G:\My Drive\CAD Repository\Washers\STEP,46fc096c-f42e-45d4-8272-a42e585b378d.stp,3.81,1.016,3.81,28.016885491789967,7.1162889149146515,0.254
G:\My Drive\CAD Repository\Washers\STEP,361814c7-840f-4057-8a6f-34f8734c8895.stp,2.7686000000000153,1.016,2.7686000000000153,17.57422817212295,4.46385395571923,0.25400000000000006
G:\My Drive\CAD Repository\Washers\STEP,ff8d5e2b-26d1-450f-a9e0-a211fd0dadea.stp,44.47,2.3949000000000003,44.47,2920.915263257526,2891.908887053574,0.990069422222265
G:\My Drive\CAD Repository\Washers\STEP,db1e7dcc-1fcf-48ad-b9ff-ae87e6413932.stp,38.12,1.9885,38.12,2144.1793148891384,1772.1320521529851,0.8264850051706663
G:\My Drive\CAD Repository\Washers\STEP,65eacf8e-0c2c-458c-ae4f-8fb5ce78cad7.stp,31.769999999999996,1.9885,31.769999999999996,1548.0075632821865,1243.481605673148,0.8032787663108294
G:\My Drive\CAD Repository\Washers\STEP,53c9e8dc-7daf-4c39-9621-2b0bb3bad93d.stp,25.419999999999998,1.5694,25.419999999999998,1031.129451664244,665.6799885036033,0.6455833333333609
G:\My Drive\CAD Repository\Washers\STEP,9ec15203-41e5-43aa-8db9-9508a5211cfc.stp,19.07,1.2773,19.07,559.8813619539891,282.96947284378314,0.5054097029703187
G:\My Drive\CAD Repository\Washers\STEP,56fc9379-3eba-4313-8761-ecc8d676cb99.stp,17.4952,1.2773,17.4952,504.1394855934316,256.8203882424353,0.5094232758620909
G:\My Drive\CAD Repository\Washers\STEP,93c85986-8e67-435c-b064-be12400da5dd.stp,25.419999999999998,1.6329000000000002,25.419999999999998,1027.32509191118,682.553223718243,0.6643984743412213
G:\My Drive\CAD Repository\Washers\STEP,167f049f-e39e-4ca1-b8c1-560598ebf723.stp,25.419999999999998,1.3027000000000002,25.419999999999998,1031.056485787254,573.0407643550233,0.5557801849405788
G:\My Drive\CAD Repository\Washers\STEP,6b9b5f69-33ce-4db0-b710-25d6a094917a.stp,19.07,1.0487,19.07,582.1967593334429,256.59833574935874,0.4407416077738705
G:\My Drive\CAD Repository\Washers\STEP,2a6f7322-7bc9-4827-879d-c270cc6845bf.stp,19.07,1.0487,19.07,606.5126378403736,271.7229252777796,0.4480086783439682
G:\My Drive\CAD Repository\Washers\STEP,90158ae2-0245-4cb3-b22c-99a8a700ae59.stp,15.895,1.0487,15.895,426.78349500449116,185.1902154758376,0.43392075289577164
G:\My Drive\CAD Repository\Washers\STEP,a04cbbbd-8250-4049-bcb2-a3fcbed7dee8.stp,12.72,1.0487,12.72,285.20334485490116,119.50385627391397,0.41901281464532697
G:\My Drive\CAD Repository\Washers\STEP,82827205-e282-4c19-8367-c232dd30f9dd.stp,9.545,0.9725,9.545,164.67993070668678,60.32985923004841,0.36634615384616953
G:\My Drive\CAD Repository\Washers\STEP,7c42efa8-8e2d-4d34-b010-eb16a741714d.stp,4.592,0.655,4.592,38.30708541977083,7.818749756214275,0.20410714285715162
G:\My Drive\CAD Repository\Washers\STEP,a2042251-c3ea-4c9c-8273-e9e32eec4ee4.stp,63.519999999999996,3.2712000000000003,63.519999999999996,6114.974233367432,8438.277473193926,1.3799367178276862
G:\My Drive\CAD Repository\Washers\STEP,4d7bd779-dc28-454e-aeb6-68cf8b855370.stp,57.169999999999995,2.9156000000000004,57.169999999999995,4975.381005557494,6136.885639765287,1.2334503896104427
G:\My Drive\CAD Repository\Washers\STEP,e7d9116e-533c-483b-a470-b88dcd97cbcb.stp,47.644999999999996,2.6108,47.644999999999996,3450.09927271283,3749.662106975811,1.086827308603046
G:\My Drive\CAD Repository\Washers\STEP,a64252b2-84ab-450e-8c54-5bebc53e1f71.stp,38.12,2.3314,38.12,2204.047816959466,2080.826022528022,0.9440929577465195
G:\My Drive\CAD Repository\Washers\STEP,a53df01e-29d0-495a-8ab5-40c5c1948eff.stp,31.769999999999996,2.0012,31.769999999999996,1549.843871186436,1251.5040676452325,0.8075033175355796
G:\My Drive\CAD Repository\Washers\STEP,05591fdb-b21a-4354-9cf6-f53c9ca31093.stp,28.595,1.5948000000000002,28.595,1233.452680993084,810.4311089903171,0.6570427236315368
G:\My Drive\CAD Repository\Washers\STEP,af8dfe84-9455-4654-a868-0224966f95ac.stp,25.419999999999998,1.5948000000000002,25.419999999999998,1032.6130911630414,675.3447611652224,0.6540153005464763
G:\My Drive\CAD Repository\Washers\STEP,8c5237ca-45db-4216-bd16-3652eed58be3.stp,22.244999999999997,1.5948000000000002,22.244999999999997,779.3860284840671,488.32219755207245,0.6265472817133714
G:\My Drive\CAD Repository\Washers\STEP,b19a8c8c-109a-4274-bda6-e005c927cb8f.stp,22.244999999999997,1.5948000000000002,22.244999999999997,811.42615580236,518.695858827255,0.6392397572079183
G:\My Drive\CAD Repository\Washers\STEP,5a525023-ab45-4885-869a-bceb5223d555.stp,19.07,1.5948000000000002,19.07,589.8683105669792,356.60963702919156,0.6045580524344828
G:\My Drive\CAD Repository\Washers\STEP,a99f5aaa-a59e-4ae2-b44b-dd2e125fc0ea.stp,17.4952,1.036,17.4952,488.0444292273786,208.88301570932708,0.42800000000001853
G:\My Drive\CAD Repository\Washers\STEP,c8d87c7b-9c5b-4fb2-8864-2e90e8c8f45e.stp,12.72,1.036,12.72,259.69366352721676,101.94156719187,0.3925454545454714
G:\My Drive\CAD Repository\Washers\STEP,76825008-a7dd-4e4d-b07c-fb8157d02f5b.stp,11.145199999999999,0.9343999999999999,11.145199999999999,200.4332104318062,70.35438447304297,0.35101161290324084
G:\My Drive\CAD Repository\Washers\STEP,02542d30-0d60-4690-97b0-c7a2d7c0c55c.stp,9.545,0.8328000000000001,9.545,148.0082412294209,45.732440055560915,0.3089857677902754
G:\My Drive\CAD Repository\Washers\STEP,633af3b0-a060-4a5b-8f41-4623ab0258a4.stp,9.545,0.8328000000000001,9.545,154.46876158791397,49.01695847166936,0.3173260273972739
G:\My Drive\CAD Repository\Washers\STEP,f346d077-5fe7-43a2-9d7e-565725751370.stp,28.595,2.0774,28.595,1296.031054661625,1058.7890294873494,0.8169472681067692
G:\My Drive\CAD Repository\Washers\STEP,90e0882a-cb6e-4498-90cc-67790c7ad332.stp,22.244999999999997,1.5948000000000002,22.244999999999997,779.3860284840671,488.32219755207245,0.6265472817133714
G:\My Drive\CAD Repository\Washers\STEP,84060cfb-ba2c-4cf2-b479-0a14ab53cf28.stp,19.07,1.5948000000000002,19.07,589.8683105669792,356.60963702919156,0.6045580524344828
G:\My Drive\CAD Repository\Washers\STEP,e5b5efd5-d86f-4924-b378-4b33aede18ba.stp,14.2948,1.036,14.2948,318.21635053306136,127.79968490414201,0.40161256544504353
G:\My Drive\CAD Repository\Washers\STEP,0258cd73-2082-4dac-b474-b12be08b264c.stp,12.72,1.036,12.72,259.69366352721676,101.94156719187,0.3925454545454714
G:\My Drive\CAD Repository\Washers\STEP,1ef3e38e-d425-4ba8-b6f2-b7ae2726612b.stp,11.145199999999999,0.9343999999999999,11.145199999999999,200.4332104318062,70.35438447304297,0.35101161290324084
G:\My Drive\CAD Repository\Washers\STEP,8b0d714c-95a9-4b04-8b24-241883679bb7.stp,9.545,0.8328000000000001,9.545,148.0082412294209,45.732440055560915,0.3089857677902754
G:\My Drive\CAD Repository\Washers\STEP,5a1b488a-55b3-4267-a9ec-649d9385f7a6.stp,7.9448,0.655,7.9448,100.00885514947313,24.368436740201155,0.24366279069768484
G:\My Drive\CAD Repository\Washers\STEP,d45e0bf0-a3d2-4ffa-88a9-029da0e9cc88.stp,7.157400000000001,0.655,7.157400000000001,85.74605302783678,20.773098889339497,0.2422630331753658
G:\My Drive\CAD Repository\Washers\STEP,4d39b0b5-3129-4185-a158-3009aba52769.stp,4.7952,0.528,4.7952,37.519661997253316,6.5749572024026754,0.17524031007752697
G:\My Drive\CAD Repository\Washers\STEP,1d32ee0f-839a-429b-8028-b46705f0710e.stp,88.92000000000002,4.0205,88.92000000000002,11557.679385917052,19886.00310496178,1.7205878828229764
G:\My Drive\CAD Repository\Washers\STEP,83a7e022-103f-418c-854c-9a84da739fa5.stp,76.22,3.9823999999999997,76.22,8739.69059947364,14613.923313232166,1.672132800000072
G:\My Drive\CAD Repository\Washers\STEP,1e9d451f-7d6a-400b-82d7-6c95d5adf0e6.stp,69.87,3.9697,69.87,7474.821041361555,12310.57011264246,1.646938441003808
G:\My Drive\CAD Repository\Washers\STEP,bead9f43-58ef-489e-88ee-1c610cdb01c6.stp,63.519999999999996,3.6776,63.519999999999996,6230.487323962329,9493.062157343165,1.5236468134415486
G:\My Drive\CAD Repository\Washers\STEP,11d004de-d88c-4e0f-9341-90bb327fdf7e.stp,57.169999999999995,3.2712000000000003,57.169999999999995,5065.842478385813,6890.538262192603,1.3601959183674053
G:\My Drive\CAD Repository\Washers\STEP,7ad51c30-5dca-4ebe-b886-c4ea40fbffd7.stp,47.644999999999996,2.9156000000000004,47.644999999999996,3515.4523765369086,4190.798825443555,1.1921079783114383
G:\My Drive\CAD Repository\Washers\STEP,2eeb3f69-b2ed-4c4f-8f28-54f6bfe7c5d2.stp,38.12,2.6108,38.12,2252.8295593871408,2332.3544428336063,1.035300000000044
G:\My Drive\CAD Repository\Washers\STEP,362ce1ae-a168-4748-ba15-e7a636b01580.stp,38.12,2.3314,38.12,2276.256672975734,2177.706818673981,0.9567052980132863
G:\My Drive\CAD Repository\Washers\STEP,cdb9a7e9-fe76-4970-a0ed-6a31db713956.stp,31.769999999999996,2.3314,31.769999999999996,1597.5878766969186,1460.088078919438,0.9139328735632576
G:\My Drive\CAD Repository\Washers\STEP,50a72e25-b08c-45f7-908f-1142e87fcb38.stp,28.595,2.0774,28.595,1296.031054661625,1058.7890294873494,0.8169472681067692
G:\My Drive\CAD Repository\Washers\STEP,bdfb59ca-6786-49a1-9113-336fc7283f2c.stp,22.244999999999997,1.5948000000000002,22.244999999999997,779.3860284840671,488.32219755207245,0.6265472817133714
G:\My Drive\CAD Repository\Washers\STEP,23447ba0-f22c-4638-ac1f-4db4366220ab.stp,19.07,1.5948000000000002,19.07,589.8683105669792,356.60963702919156,0.6045580524344828
G:\My Drive\CAD Repository\Washers\STEP,f0c383f6-49e1-466d-8813-22c46fdae823.stp,14.2948,1.036,14.2948,318.21635053306136,127.79968490414201,0.40161256544504353
G:\My Drive\CAD Repository\Washers\STEP,dfd904dc-3491-4a71-b8c6-2de3fff58c0e.stp,12.72,1.036,12.72,259.69366352721676,101.94156719187,0.3925454545454714
G:\My Drive\CAD Repository\Washers\STEP,c217a750-f0a7-4f40-9ae8-4b4c2520934a.stp,11.145199999999999,0.9343999999999999,11.145199999999999,200.4332104318062,70.35438447304297,0.35101161290324084
G:\My Drive\CAD Repository\Washers\STEP,81825ed4-9d7b-473f-9e04-1a5e8ca35d4c.stp,9.545,0.8328000000000001,9.545,148.0082412294209,45.732440055560915,0.3089857677902754
G:\My Drive\CAD Repository\Washers\STEP,52bd512e-eab0-4a31-a482-74ed50dcc103.stp,7.9448,0.655,7.9448,100.00885514947313,24.368436740201155,0.24366279069768484
G:\My Drive\CAD Repository\Washers\STEP,12acc73f-12e2-41f1-8684-17fd5e3e6eea.stp,7.157400000000001,0.655,7.157400000000001,83.07165095316019,19.71483271863214,0.23732323232324246
G:\My Drive\CAD Repository\Washers\STEP,d6f8eb84-4963-4022-9d4f-108b6493f528.stp,7.157400000000001,0.655,7.157400000000001,85.74605302783678,20.773098889339497,0.2422630331753658
G:\My Drive\CAD Repository\Washers\STEP,dfad1df1-736c-4962-91b1-edc0ba308ab5.stp,6.37,0.528,6.37,67.22893491169779,13.462149580255154,0.20024338624339486
G:\My Drive\CAD Repository\Washers\STEP,2c9e5b61-9ec0-4737-bd49-c2ea084920e1.stp,4.7952,0.528,4.7952,37.519661997253316,6.5749572024026754,0.17524031007752697
G:\My Drive\CAD Repository\Washers\STEP,81e8ee60-e711-410a-9612-1ee3acba2d25.stp,3.9823999999999997,0.38830000000000003,3.9823999999999997,25.373883723286294,3.4061948937961026,0.13424018691589362
G:\My Drive\CAD Repository\Washers\STEP,e6f69275-b799-4efb-9129-91161c5aad1a.stp,3.1950000000000003,0.38830000000000003,3.1950000000000003,17.434790940786698,2.1985745147825932,0.1261027173913098
G:\My Drive\CAD Repository\Washers\STEP,1d954bb5-9cf5-4f98-bef3-bf602378f549.stp,2.7885999999999997,0.401,2.7885999999999997,14.340835073417383,1.8110541101986695,0.126286516853938
G:\My Drive\CAD Repository\Washers\STEP,ce98a220-ece6-4cbd-9df9-f8746327881b.stp,2.0012,0.401,2.0012,8.131641624556643,0.8656610841201184,0.10645588235294573
G:\My Drive\CAD Repository\Washers\STEP,2ec970ce-2751-4427-853a-16a384140661.stp,50.82,2.3822,50.82,3915.5192129985053,3998.5795153257695,1.021213100436725
G:\My Drive\CAD Repository\Washers\STEP,b3486cdc-9913-412b-81f3-0f3ffbaadf52.stp,44.47,2.3822,44.47,3083.4406737630907,3099.075793371963,1.0050706730769658
G:\My Drive\CAD Repository\Washers\STEP,c623a01d-4505-4029-8b3d-7e159cf1c5be.stp,34.945,2.0012,34.945,1902.1322460289716,1580.9050990412975,0.8311226006192308
G:\My Drive\CAD Repository\Washers\STEP,1f77f667-4685-4d8a-b5d8-ad110af4d117.stp,28.595,2.0012,28.595,1286.1502588192238,1019.574620987818,0.792733674775962
G:\My Drive\CAD Repository\Washers\STEP,41b14529-1aa5-4667-b118-5ca205f4d5b0.stp,25.419999999999998,1.5948000000000002,25.419999999999998,1033.946745248026,676.5927752003838,0.6543787465940336
G:\My Drive\CAD Repository\Washers\STEP,49f71174-5dfa-446d-8e05-8dd897152a18.stp,19.07,1.5948000000000002,19.07,587.5982610606222,354.42641043059706,0.6031781132075731
G:\My Drive\CAD Repository\Washers\STEP,e72b4103-4fe1-4499-8c63-26f646768822.stp,15.895,1.5948000000000002,15.895,438.5705243832572,257.761978074188,0.5877321063394937
G:\My Drive\CAD Repository\Washers\STEP,e186b70a-05e8-4f13-96a5-076b4087cf0c.stp,12.72,1.036,12.72,268.58637978537786,107.48869664854219,0.4002015915119535
G:\My Drive\CAD Repository\Washers\STEP,ac3670b6-57e9-4971-bfb4-0011ddb7f075.stp,57.169999999999995,2.306,57.169999999999995,4591.596707229217,4557.643057894375,0.9926052631579372
G:\My Drive\CAD Repository\Washers\STEP,840eeff6-7f65-4524-9423-bb91758fe24c.stp,50.82,2.306,50.82,3697.947128793706,3614.180587311186,0.9773478260869984
G:\My Drive\CAD Repository\Washers\STEP,a2d4577a-bda3-4ece-ba2f-4101e41b5e07.stp,38.12,2.306,38.12,2033.7373527450475,1842.5098092178919,0.9059723502304536
G:\My Drive\CAD Repository\Washers\STEP,b8afc9ca-da9f-41c6-b70d-4518d9fa2764.stp,31.769999999999996,2.306,31.769999999999996,1495.0343365874176,1311.4232591103075,0.8771860465116655
G:\My Drive\CAD Repository\Washers\STEP,fa01f8f9-9c2e-43ab-84d4-d989f28e014f.stp,22.244999999999997,1.6456000000000002,22.244999999999997,687.4196344428295,412.18132048167234,0.5996065573770749
G:\My Drive\CAD Repository\Washers\STEP,5aea52f9-7975-4da5-ab10-c093dc7934c2.stp,28.595,1.6837000000000002,28.595,1271.3067699265416,881.5044065890927,0.6933844980940577
G:\My Drive\CAD Repository\Washers\STEP,e51a94af-e8e8-4cac-80e9-03fe42f98c9b.stp,15.895,1.6456000000000002,15.895,372.72591430445374,195.83060722740746,0.5254011049723983
G:\My Drive\CAD Repository\Washers\STEP,7bd20542-e7dc-451f-90c1-688951b4fc86.stp,19.07,1.5948000000000002,19.07,587.5982610606222,354.42641043059706,0.6031781132075731
G:\My Drive\CAD Repository\Washers\STEP,18ebd76f-23f5-44ff-b07a-43a4677c1667.stp,17.4952,1.0995000000000001,17.4952,490.61850322119386,220.50235354148484,0.4494375000000194
G:\My Drive\CAD Repository\Washers\STEP,417d3c89-ed19-4f0c-bed0-943916a28d8d.stp,11.145199999999999,0.8074000000000001,11.145199999999999,192.93089949628865,60.1005735890493,0.31151346801348134
G:\My Drive\CAD Repository\Washers\STEP,89b5dfdf-7468-4ad8-914b-2fda3698e1db.stp,9.545,0.8074000000000001,9.545,146.32394556890083,44.02720612724799,0.3008885931559064
G:\My Drive\CAD Repository\Washers\STEP,9af6fec5-68cc-4be7-8193-eaab75482ca2.stp,9.545,0.8074000000000001,9.545,152.93647817112316,47.2489814897572,0.3089451388889022
G:\My Drive\CAD Repository\Washers\STEP,b83d5595-fd26-41df-b879-100741ae3fac.stp,7.9448,0.8074000000000001,7.9448,110.27272184607205,32.60436666859308,0.29567028112451055
G:\My Drive\CAD Repository\Washers\STEP,a70a0185-415f-41ae-9151-dc9903a12475.stp,6.37,0.8074000000000001,6.37,75.33422774734137,21.025924437012048,0.2791018779342843
G:\My Drive\CAD Repository\Washers\STEP,92be3c76-98b5-4f6d-980c-f412b542094e.stp,3.9823999999999997,0.5407000000000001,3.9823999999999997,29.824802219678716,5.406662238829677,0.18128074074074846
G:\My Drive\CAD Repository\Washers\STEP,5b7ee0c5-4c9b-4c0c-a079-5409c800c579.stp,2.7885999999999997,0.42640000000000006,2.7885999999999997,14.447243644027857,1.868159941751464,0.12930909090909645
G:\My Drive\CAD Repository\Washers\STEP,0b90d507-1481-4f7d-b2ff-40378e970b1d.stp,2.4076,0.42640000000000006,2.4076,11.678593978239128,1.4900799535398581,0.12759069767442408
G:\My Drive\CAD Repository\Washers\STEP,4c9f0150-f926-4bc5-8dc1-13ff002ede33.stp,88.92000000000002,3.7792,88.92000000000002,11275.634855486845,18304.079290396687,1.6233302625518886
G:\My Drive\CAD Repository\Washers\STEP,92d07a2d-721c-4b26-b59d-e95bc6bbfee4.stp,82.57000000000002,3.7792,82.57000000000002,9848.873271218068,15833.772654456978,1.6076735092864813
G:\My Drive\CAD Repository\Washers\STEP,7d9ca507-297c-40dd-9752-055f136bbac0.stp,76.22,3.7792,76.22,8517.119339280065,13542.042401838198,1.5899791775117806
G:\My Drive\CAD Repository\Washers\STEP,0f776b2a-467e-4758-ba8c-a0b980ed9197.stp,69.87,3.7792,69.87,7280.373059672848,11428.888532540373,1.5698218262806911
G:\My Drive\CAD Repository\Washers\STEP,95ff5a70-692b-4672-8dda-b439f0901bc2.stp,63.519999999999996,3.7792,63.519999999999996,6259.365596611055,9756.758328380476,1.5587455594002977
G:\My Drive\CAD Repository\Washers\STEP,c3d49b70-2120-4e15-a110-4c975a5dddef.stp,57.169999999999995,3.7792,57.169999999999995,5195.073153854838,7967.184865660197,1.5336039800995684
G:\My Drive\CAD Repository\Washers\STEP,8aafdbef-f8cb-4f75-a87c-e10b2a983843.stp,50.82,3.4236000000000004,50.82,4149.19648771894,5761.394140361863,1.3885565934066533
G:\My Drive\CAD Repository\Washers\STEP,11b0a0b7-b758-4827-a0c9-06e9f0654c50.stp,44.47,3.4236000000000004,44.47,3286.038538545601,4465.33501410584,1.3588809022556976
G:\My Drive\CAD Repository\Washers\STEP,4d2864c7-3af6-4909-8fbf-9841afcdbc3a.stp,38.12,2.7885999999999997,38.12,2353.782917277651,2608.4620135765263,1.1081999085087393
G:\My Drive\CAD Repository\Washers\STEP,955e833c-a407-46ea-b40b-30d758a239cd.stp,34.945,2.7885999999999997,34.945,2023.8373020184415,2209.213535839761,1.0915964112512588
G:\My Drive\CAD Repository\Washers\STEP,c2b1840d-cdbb-472e-9799-6554fc9288d6.stp,31.769999999999996,1.8487999999999998,31.769999999999996,1585.4877020960703,1216.249962077776,0.7671140939597645
G:\My Drive\CAD Repository\Washers\STEP,e0c3cba5-8063-4c77-b8e7-4ed794d38021.stp,25.419999999999998,1.8487999999999998,25.419999999999998,1028.847241178389,748.8912033165159,0.7278934844192946
G:\My Drive\CAD Repository\Washers\STEP,c7598045-5a1c-42f2-b521-7d5d9a8bfa46.stp,22.244999999999997,1.8487999999999998,22.244999999999997,815.7990413469715,579.1666486084649,0.7099378881987882
G:\My Drive\CAD Repository\Washers\STEP,3baf3f61-896d-4faf-bd92-8bd2a5d14eaa.stp,19.07,1.6329000000000002,19.07,608.0793773657431,380.1573431468347,0.6251771681416199
G:\My Drive\CAD Repository\Washers\STEP,3b259cd2-b2f7-464c-9558-a1fc0378168b.stp,76.5248,3.9951000000000003,76.5248,7952.786045414725,12875.604187663797,1.61900547985789
G:\My Drive\CAD Repository\Washers\STEP,687b347f-3a30-4a3e-92da-e79a8eb302e8.stp,63.8248,3.9951000000000003,63.8248,5681.97647783929,8835.093109941734,1.554933066759455
G:\My Drive\CAD Repository\Washers\STEP,070b8485-b5da-42ea-bf74-4e838244aa0a.stp,56.9922,4.1221000000000005,56.9922,4631.83333472939,7146.947429244156,1.54300617331295
G:\My Drive\CAD Repository\Washers\STEP,34e61b87-b8ce-4b47-9a4f-8d77c9e433d1.stp,51.12479999999999,3.9951000000000003,51.12479999999999,3912.3755997981843,5830.477627281936,1.4902653077538606
G:\My Drive\CAD Repository\Washers\STEP,40670a76-1650-4972-aabf-d323411a41af.stp,44.7748,3.9951000000000003,44.7748,3091.9290374529314,4435.586852811155,1.4345694222222842
G:\My Drive\CAD Repository\Washers\STEP,ba7e63b5-7dd7-4bf2-8d90-41c4fefebebd.stp,37.3326,3.8173000000000004,37.3326,2209.8891407785027,2883.519407176265,1.3048253661088425
G:\My Drive\CAD Repository\Washers\STEP,1dc28ac1-f866-487b-b060-67a4df71f3ce.stp,33.3448,3.8173000000000004,33.3448,1870.7640128279622,2401.30214735051,1.2835943661972382
G:\My Drive\CAD Repository\Washers\STEP,d376a499-f55f-481d-9e9d-238555f7b760.stp,29.687199999999997,2.4965,29.687199999999997,1368.0980325837454,1261.6661835783823,0.9222045157068464
G:\My Drive\CAD Repository\Washers\STEP,de68af75-4f57-4c71-8fb0-752b0441b4c3.stp,26.994799999999998,3.4998,26.994799999999998,1299.5678728657253,1491.4953209957278,1.1476855900621612
G:\My Drive\CAD Repository\Washers\STEP,0b112ba3-c24f-4935-9dfe-2f9d37ffb42b.stp,23.4388,1.544,23.4388,807.7352985246139,486.5949681614824,0.6024188481675653
G:\My Drive\CAD Repository\Washers\STEP,97db4341-bb6b-4835-bf80-4f24b6db4cd4.stp,20.6448,1.544,20.6448,649.2625344368715,381.8700547600997,0.5881596958175158
G:\My Drive\CAD Repository\Washers\STEP,7124eeee-504a-4f71-b9e8-39b6e841accd.stp,17.4952,1.544,17.4952,485.2717259017572,274.14505811892514,0.5649310344827828
G:\My Drive\CAD Repository\Washers\STEP,baf73126-22a4-4afc-8a74-f3229ab63960.stp,15.895,1.544,15.895,426.02343378584493,240.6738591625447,0.5649310344827828
G:\My Drive\CAD Repository\Washers\STEP,b4ac0447-844e-46b5-8544-f75fa475ecca.stp,12.847,1.3027000000000002,12.847,283.25961496508313,134.01005026606063,0.4730997402597606
G:\My Drive\CAD Repository\Washers\STEP,91c5f982-4bb4-447e-a5b5-52ed16edd443.stp,11.272200000000002,1.3027000000000002,11.272200000000002,227.08805066225102,104.08943244897446,0.45836596045199707
G:\My Drive\CAD Repository\Washers\STEP,7f950b2b-fbaa-4cb3-8dcc-8e5546fbdc79.stp,9.672,1.3027000000000002,9.672,176.10517094537715,77.62786813514735,0.4408040247678208
G:\My Drive\CAD Repository\Washers\STEP,c7c1e339-2542-4bee-a8d5-389afb1ba20c.stp,29.534799999999994,2.4965,29.534799999999994,1351.727327349063,1242.6186473667208,0.9192820343461425
G:\My Drive\CAD Repository\Washers\STEP,c253dd8b-bbdb-4f65-9628-735007326022.stp,26.994799999999998,2.4965,26.994799999999998,1172.0326406217598,1061.4656481538939,0.9056621900826837
G:\My Drive\CAD Repository\Washers\STEP,4ae4ffd4-c5a5-4648-87b0-6b5531027570.stp,23.642,1.6837000000000002,23.642,834.3749375306857,538.9147274098012,0.6458903583618026
G:\My Drive\CAD Repository\Washers\STEP,0725ed01-1e1a-4a76-ab84-ab6408fe29ad.stp,20.6448,1.6837000000000002,20.6448,662.8402680467681,416.87480977977555,0.6289219739292635
G:\My Drive\CAD Repository\Washers\STEP,7d13fee0-f70f-472c-b5cf-afedca18bdea.stp,17.4952,1.6837000000000002,17.4952,496.77601250718675,299.2750217798266,0.6024345263158153
G:\My Drive\CAD Repository\Washers\STEP,85d68fe6-29c8-4081-a78d-d1fa3c5b72f1.stp,18.6636,1.6837000000000002,18.6636,586.1977215883968,372.1143915457591,0.6347933092224505
G:\My Drive\CAD Repository\Washers\STEP,6b5ec48d-3d8b-4030-b4f1-c57b5fab542a.stp,70.63199999999999,6.37,70.63199999999999,7532.932281894371,16915.578731837766,2.245550351288152
G:\My Drive\CAD Repository\Washers\STEP,9ce55b3b-9545-4ad8-8049-c59ee8751782.stp,57.931999999999995,6.37,57.931999999999995,5328.676714868475,11128.490879869621,2.088415468857037
G:\My Drive\CAD Repository\Washers\STEP,9d712810-4375-46ae-aa0f-7d92aba8b076.stp,51.581999999999994,6.37,51.581999999999994,4363.131425638777,8664.574382619548,1.9858614232210587
G:\My Drive\CAD Repository\Washers\STEP,ef77ec8d-8bb7-472a-bd95-9a71129e0eb6.stp,51.581999999999994,4.0840000000000005,51.581999999999994,4023.073955926698,6132.760119893917,1.5243965651835159
G:\My Drive\CAD Repository\Washers\STEP,8cf41725-6dfc-47eb-bdf2-85a71a179aa4.stp,45.232,4.0840000000000005,45.232,3189.596904048975,4685.5868909421715,1.4690216450217077
G:\My Drive\CAD Repository\Washers\STEP,1e90bacb-72ea-47fd-a4d1-de0adbc45509.stp,38.0946,4.0840000000000005,38.0946,2342.3921331475403,3228.969899321914,1.378492462311617
G:\My Drive\CAD Repository\Washers\STEP,83e443e3-66bd-462e-ba0b-38be5f9c1762.stp,34.1068,4.0840000000000005,34.1068,2031.9000314258408,2808.9180901967516,1.38240959040965
G:\My Drive\CAD Repository\Washers\STEP,7e1ff614-3de8-4681-9e47-08c7fe9dad22.stp,30.144399999999997,2.5854000000000004,30.144399999999997,1427.2581575982945,1362.0364394766518,0.9543027883397115
G:\My Drive\CAD Repository\Washers\STEP,c234b248-b77e-49e8-b59b-4fe8809ae3ff.stp,27.7568,2.5854000000000004,27.7568,1246.1446899295183,1169.6345502904871,0.9386025232404123
G:\My Drive\CAD Repository\Washers\STEP,6fad644a-2ca6-47a4-8e08-7a7a7ea71ac7.stp,23.8198,2.5854000000000004,23.8198,950.9024564987375,849.2203834290306,0.8930678195489109
G:\My Drive\CAD Repository\Washers\STEP,654d7e9f-b358-4826-8589-e484ba159b88.stp,21.025799999999997,2.5854000000000004,21.025799999999997,775.34756987566,669.4626932004751,0.8634355987055388
G:\My Drive\CAD Repository\Washers\STEP,a0db7eb3-2d99-4744-bf9c-918a8ac0edd3.stp,17.8762,1.6329000000000002,17.8762,512.800129826166,304.35732495469557,0.5935203742203997
G:\My Drive\CAD Repository\Washers\STEP,f1978ec5-03d5-42b7-9b50-dca1940c544a.stp,16.276000000000003,1.6329000000000002,16.276000000000003,451.38110286980026,267.9038810913006,0.5935203742203997
G:\My Drive\CAD Repository\Washers\STEP,8762002b-14eb-4064-8027-7bb581ef825c.stp,139.72000000000003,7.3351999999999995,139.72000000000003,25793.817546588354,75928.74763256975,2.943680108437944
G:\My Drive\CAD Repository\Washers\STEP,ce78e261-c9cb-4c44-8b08-4214a90971b8.stp,133.37,6.9796000000000005,133.37,24067.971872782276,68050.07021618696,2.8274119055765836
G:\My Drive\CAD Repository\Washers\STEP,205d2696-5cb4-4ad0-9c77-d1949d01b8ec.stp,127.02,6.242999999999999,127.02,22138.683146118543,57103.217258894656,2.579341186736586
G:\My Drive\CAD Repository\Washers\STEP,21c6a23f-9eee-4e51-916a-352ae024766d.stp,120.67,5.620699999999999,120.67,20333.15772122439,48022.86959641468,2.3618008700285102
G:\My Drive\CAD Repository\Washers\STEP,94aaaa02-3e18-428d-a7c0-923c353cce59.stp,95.27000000000001,4.7698,95.27000000000001,11901.6719459118,22977.029086825474,1.9305715357679674
G:\My Drive\CAD Repository\Washers\STEP,cf32435f-8e3c-436e-8ae1-f441e4c0ea0a.stp,107.97,4.668200000000001,107.97,16569.334566488174,33121.092717296575,1.998939220183572
G:\My Drive\CAD Repository\Washers\STEP,f39613a5-99cf-4e9c-9c6e-e4955ddca280.stp,85.745,4.7698,85.745,9970.483066201461,18953.228575712004,1.9009338313768156
G:\My Drive\CAD Repository\Washers\STEP,48cd829e-d4cf-45a5-b08b-48837fd30f93.stp,95.27000000000001,4.668200000000001,95.27000000000001,13187.568850991476,25908.054747751994,1.9645815722739646
G:\My Drive\CAD Repository\Washers\STEP,b0b49164-3f8a-47e0-a8b9-020a5bba3d3a.stp,76.22,4.185600000000001,76.22,7982.0362413531075,13422.991479624237,1.6816500293600252
G:\My Drive\CAD Repository\Washers\STEP,0e125aaa-6429-4186-b614-587d5ce27b78.stp,69.87,4.185600000000001,69.87,6796.467417134738,11213.309835558335,1.649873257287777
G:\My Drive\CAD Repository\Washers\STEP,3c8257e4-e4fc-45e6-817f-f74d9d0f4950.stp,63.519999999999996,4.185600000000001,63.519999999999996,5705.906245247146,9201.510129766984,1.612629043358638
G:\My Drive\CAD Repository\Washers\STEP,de8671d1-e96d-4e78-a803-0dc43c6d0d80.stp,57.169999999999995,3.4236000000000004,57.169999999999995,4497.53558446939,6036.203515497112,1.3421135646688274
G:\My Drive\CAD Repository\Washers\STEP,3495e383-66ae-4c2f-872e-c2859c3cc44e.stp,50.82,3.4236000000000004,50.82,3742.3103820036495,4953.405184073178,1.3236222222222795
G:\My Drive\CAD Repository\Washers\STEP,8650e0f3-1156-4e72-bcec-a4a38c924937.stp,44.47,3.4236000000000004,44.47,2941.9841602384004,3764.2730915202474,1.2795014814815364
G:\My Drive\CAD Repository\Washers\STEP,fbd2c13e-db9f-4f66-ab5f-f0919375383c.stp,37.3326,3.4236000000000004,37.3326,2138.229555669576,2584.559201081067,1.208737945945998
G:\My Drive\CAD Repository\Washers\STEP,52f86653-d0c9-46e1-88bc-0e7c54c3db0c.stp,33.3448,2.4965,33.3448,1697.2349427063164,1620.0356828212202,0.9545146886016862
G:\My Drive\CAD Repository\Washers\STEP,05ada531-4fe0-4e2a-bf85-8a66a313aea6.stp,29.382399999999997,2.4965,29.382399999999997,1342.52146586882,1234.155864297254,0.9192820343461424
G:\My Drive\CAD Repository\Washers\STEP,22e3e724-a4a4-4651-92f3-e6d681b32c71.stp,26.994799999999998,2.4965,26.994799999999998,1172.0326406217598,1061.4656481538939,0.9056621900826837
G:\My Drive\CAD Repository\Washers\STEP,dcf71d5b-3e7b-48b4-8655-36ad67eb2079.stp,23.4388,1.6837000000000002,23.4388,823.2415607999556,531.1995069096182,0.6452535102740004
G:\My Drive\CAD Repository\Washers\STEP,eadbc9da-2ac7-4d89-8928-150436a4bb37.stp,20.6448,1.6837000000000002,20.6448,662.8402680467681,416.87480977977555,0.6289219739292635
G:\My Drive\CAD Repository\Washers\STEP,e0f87e0a-97e2-4431-b990-2be42c06d40c.stp,17.4952,1.6837000000000002,17.4952,496.77601250718675,299.2750217798266,0.6024345263158153
G:\My Drive\CAD Repository\Washers\STEP,5efc7614-ad70-4fd5-9b93-dfed37fe3469.stp,15.895,1.6837000000000002,15.895,436.12312725921623,262.73562958577804,0.6024345263158155
G:\My Drive\CAD Repository\Washers\STEP,ed38eec6-d10a-4be8-bb9b-f5e343395ad8.stp,12.72,1.3027000000000002,12.72,277.9999913320512,131.0306625811791,0.4713333333333536
G:\My Drive\CAD Repository\Washers\STEP,fe978234-1ee9-4cf6-9406-65472441d44a.stp,11.145199999999999,1.3027000000000002,11.145199999999999,222.6736151043536,101.7177514581078,0.45680199430201407
G:\My Drive\CAD Repository\Washers\STEP,52a8ba90-dcfc-43aa-aff5-57fcbdb87f69.stp,9.545,1.0487,9.545,161.43700284046275,60.615639360026776,0.3754755000000161
G:\My Drive\CAD Repository\Washers\STEP,9df2b34e-d49f-4435-a7c1-7ae9d827c536.stp,7.9448,0.8328000000000001,7.9448,111.15844651953446,33.656120432096095,0.3027760956175429
G:\My Drive\CAD Repository\Washers\STEP,edb250e8-ff8d-49de-8f76-508e261ff8b2.stp,34.945,2.7885999999999997,34.945,2023.8373020184415,2209.213535839761,1.0915964112512588
G:\My Drive\CAD Repository\Washers\STEP,0175bf42-23a1-4b7d-a6c3-af5b3b760d51.stp,25.419999999999998,2.1536000000000004,25.419999999999998,1063.8222182156146,873.7064038692689,0.8212898630137342
G:\My Drive\CAD Repository\Washers\STEP,c7831544-b2c1-4c66-8b3a-ea67c8942200.stp,22.244999999999997,2.1536000000000004,22.244999999999997,846.2014900928214,675.6944233765423,0.7985029940120103
G:\My Drive\CAD Repository\Washers\STEP,96ea7e95-e397-4474-996f-5564cb87cf1c.stp,18.6636,1.6837000000000002,18.6636,586.1977215883968,372.1143915457591,0.6347933092224505
G:\My Drive\CAD Repository\Washers\STEP,633cf5a6-6283-4f0e-b95c-09f7a11b2c1f.stp,12.72,1.3027000000000002,12.72,278.34252558792105,131.31599224820852,0.47177840314138153
G:\My Drive\CAD Repository\Washers\STEP,8d0851c7-49c3-485d-9dcc-85d204ed8d87.stp,11.145199999999999,1.3027000000000002,11.145199999999999,222.6736151043536,101.7177514581078,0.45680199430201407
G:\My Drive\CAD Repository\Washers\STEP,bce3f32a-8dc0-4a08-94bb-9cfff9603c5e.stp,9.545,1.3027000000000002,9.545,172.19946969649365,75.58246389336675,0.4389239062500189
G:\My Drive\CAD Repository\Washers\STEP,c9d41d5e-9077-41e3-9c6c-6980edef6087.stp,7.9448,0.8455,7.9448,111.60130885626567,34.181997313847596,0.3062867063492195
G:\My Drive\CAD Repository\Washers\STEP,3b4c3dae-d0a1-4ccf-a80f-19ddefc55d9e.stp,38.12,1.8742,38.12,2134.1302921636766,1679.5163550407087,0.7869792960662866
G:\My Drive\CAD Repository\Washers\STEP,79d56068-3083-4fd0-b8d8-99be73ea73a7.stp,31.769999999999996,1.8742,31.769999999999996,1553.7404517006955,1195.0713435714506,0.769157642940523
G:\My Drive\CAD Repository\Washers\STEP,c0718c67-2505-4c8f-8bbd-82885243d1e8.stp,22.244999999999997,1.544,22.244999999999997,764.6307066927479,463.94260220110795,0.6067538200339818
G:\My Drive\CAD Repository\Washers\STEP,e61e96eb-5853-48f3-b268-ee58d268bab8.stp,19.07,1.544,19.07,583.1635572035609,342.993300416707,0.588159695817516
G:\My Drive\CAD Repository\Washers\STEP,ffa135f7-2361-4d79-8de0-3162b62856dd.stp,15.895,1.544,15.895,434.9830354312469,249.4470755556657,0.5734639175257976
G:\My Drive\CAD Repository\Washers\STEP,cc134df7-36a8-42f4-86b0-506209715d70.stp,101.62,4.718999999999999,101.62,13935.089059530057,27344.508696019453,1.9622772828508648
G:\My Drive\CAD Repository\Washers\STEP,6e1717b5-b801-4c46-bb72-fe97e445421c.stp,88.92000000000002,3.5760000000000005,88.92000000000002,10594.256187609817,16156.58521476217,1.5250325203252686
G:\My Drive\CAD Repository\Washers\STEP,564b22ce-c81b-48bf-aff4-822e3b77ac41.stp,82.57000000000002,3.5760000000000005,82.57000000000002,9597.05586874594,14635.822299216037,1.5250325203252693
G:\My Drive\CAD Repository\Washers\STEP,8c9cbbf3-9a48-4df3-8e17-41d0e6be9a6e.stp,69.87,3.5760000000000005,69.87,6589.730765662961,9572.337664501018,1.4526143790850294
G:\My Drive\CAD Repository\Washers\STEP,3b1769ce-7c81-4353-aa4b-f9ec8b645c19.stp,69.87,3.1950000000000003,69.87,6948.637753597467,9397.229845886739,1.3523844786730435
G:\My Drive\CAD Repository\Washers\STEP,f63b275e-f7f5-4598-b9f5-4794c3514593.stp,63.519999999999996,3.1950000000000003,63.519999999999996,5837.934959415749,7784.411609136775,1.3334186939821313
G:\My Drive\CAD Repository\Washers\STEP,57c18cc8-8d23-42f3-a392-feaac8bbfe3c.stp,50.82,3.1950000000000003,50.82,3686.4550031677736,4620.7137911130385,1.2534301346801888
G:\My Drive\CAD Repository\Washers\STEP,bb312c4f-1296-4b80-9397-9171de64b030.stp,50.82,2.7251,50.82,3796.201762650543,4276.78036165157,1.1265945882353425
G:\My Drive\CAD Repository\Washers\STEP,6eaaf9b9-14d6-483a-b493-93eceaaab3d0.stp,47.644999999999996,2.6743,47.644999999999996,3463.714502676179,3841.565589989925,1.1090884040880984
G:\My Drive\CAD Repository\Washers\STEP,9157f992-01e5-46b2-a111-7572aa506379.stp,38.12,2.0012,38.12,2146.396666817669,1783.5651621668758,0.8309578512397052
G:\My Drive\CAD Repository\Washers\STEP,9820977b-ccd2-40aa-aa49-4b52480754b4.stp,26.994799999999998,1.671,26.994799999999998,1020.4683263040329,664.039016332546,0.650719869706868
G:\My Drive\CAD Repository\Washers\STEP,c736d906-8ce8-4c02-af95-d819540f811b.stp,31.769999999999996,1.5948000000000002,31.769999999999996,1521.5239901796767,1021.822662769577,0.6715784104389376
G:\My Drive\CAD Repository\Washers\STEP,3a0f4ffc-0245-4137-8b3f-044fc90aa79a.stp,25.419999999999998,1.671,25.419999999999998,957.6771354942707,627.4305359925037,0.6551587301587585
G:\My Drive\CAD Repository\Washers\STEP,1b84d804-aac9-411d-98fa-6c9336dc8b3e.stp,22.244999999999997,1.29,22.244999999999997,738.667015463792,386.61883516758996,0.5234007029877202
G:\My Drive\CAD Repository\Washers\STEP,e9e7b07a-4491-4e3b-bb7c-b25d7d2816c5.stp,19.07,1.29,19.07,560.9900379182544,285.82775034725574,0.5095059288537769
G:\My Drive\CAD Repository\Washers\STEP,857b7bb0-b5ae-4b1e-8f59-c0e066fd505c.stp,15.895,1.29,15.895,407.6603547433516,200.56154930212062,0.49198198198200316
G:\My Drive\CAD Repository\Washers\STEP,a1c24712-31a8-4a74-b249-9674a11e9ac5.stp,12.72,1.036,12.72,257.3709164430338,100.51450056969874,0.3905433526011728
G:\My Drive\CAD Repository\Washers\STEP,371a89d6-e376-4cf7-b3d0-f8a355f8a6e2.stp,11.145199999999999,0.8074000000000001,11.145199999999999,192.93089949628865,60.1005735890493,0.31151346801348134
G:\My Drive\CAD Repository\Washers\STEP,5d4e5623-3e05-421d-aba9-5799135b4d54.stp,9.545,0.8074000000000001,9.545,146.89956526515556,44.30330130382463,0.30158905660378654
G:\My Drive\CAD Repository\Washers\STEP,fe7ba6f2-c021-46dc-8f94-f16296813f83.stp,9.545,0.8201,9.545,155.30786917329945,48.951628473706336,0.3151909090909227
G:\My Drive\CAD Repository\Washers\STEP,43f312c4-a867-4b4d-b3ba-b60e02fcd84c.stp,7.157400000000001,0.782,7.157400000000001,85.53222247165763,22.811443733192068,0.26670000000001143
G:\My Drive\CAD Repository\Washers\STEP,4b6b8bfe-bcf1-48a0-ac91-2f2066c881a3.stp,7.9448,0.8074000000000001,7.9448,110.27272184607205,32.60436666859308,0.29567028112451055
G:\My Drive\CAD Repository\Washers\STEP,42ad2ec8-7816-4dfe-ad1d-c5c348ef8170.stp,6.37,0.655,6.37,69.48885026847265,16.28713143661771,0.23438481675393674
G:\My Drive\CAD Repository\Washers\STEP,b79a312a-85c9-4b1d-8951-5f72a4ef834b.stp,6.37,0.7439000000000001,6.37,74.2549408168637,19.68425271958562,0.2650901408450819
G:\My Drive\CAD Repository\Washers\STEP,907fd1a6-14cb-4912-9417-7f579e60a57e.stp,3.9823999999999997,0.401,3.9823999999999997,25.351588594206003,3.4626443364804738,0.1365849056603832
G:\My Drive\CAD Repository\Washers\STEP,22393605-9b85-43bc-8fc6-ded1486bf095.stp,3.9823999999999997,0.655,3.9823999999999997,31.8131223676573,6.593490535158144,0.2072569444444533
G:\My Drive\CAD Repository\Washers\STEP,b868600f-abce-4643-9332-fdde1cd3d72b.stp,2.7885999999999997,0.401,2.7885999999999997,14.118897197572677,1.7513999453919975,0.1240465116279123
G:\My Drive\CAD Repository\Washers\STEP,a2be175e-e9fe-42c9-ad5d-f6b5a363525b.stp,2.0012,0.401,2.0012,8.131641624556643,0.8656610841201184,0.10645588235294573
G:\My Drive\CAD Repository\Washers\STEP,5486d0de-ff07-4bc6-9eb1-91415f361778.stp,50.82,3.3474000000000004,50.82,3723.691922391691,4842.508053086465,1.3004588333333895
G:\My Drive\CAD Repository\Washers\STEP,fcab8ddf-58d4-4044-8267-6a1f70dac50b.stp,50.82,3.3474000000000004,50.82,4132.098150544274,5632.407704383611,1.3630866206897139
G:\My Drive\CAD Repository\Washers\STEP,ecd54d3f-7241-40aa-b5f9-e44bc6f0758a.stp,44.47,3.068,44.47,3216.858779839378,3998.807475318663,1.2430783410138784
G:\My Drive\CAD Repository\Washers\STEP,bb354a8b-318a-4259-953d-9dce4523635c.stp,38.12,2.306,38.12,2271.9496594034053,2153.775974512728,0.947985781990562
G:\My Drive\CAD Repository\Washers\STEP,5d83fe85-6b58-42d8-8175-4309fa298ac2.stp,34.945,2.0012,34.945,1902.1322460289716,1580.9050990412975,0.8311226006192308
G:\My Drive\CAD Repository\Washers\STEP,ad58107a-8ebb-4f72-9e23-363908f3bb4f.stp,31.769999999999996,2.0012,31.769999999999996,1606.7694162181651,1317.604125584257,0.8200331125828165
G:\My Drive\CAD Repository\Washers\STEP,e44d5f3a-08dd-482c-b46e-6312c7dd1d7a.stp,25.419999999999998,2.0012,25.419999999999998,1046.3347296970016,811.2988035928923,0.77537214484683
G:\My Drive\CAD Repository\Washers\STEP,a6f52c24-74e8-4e7c-9758-6489e5b87b88.stp,22.244999999999997,2.0012,22.244999999999997,831.0002657198964,627.4305359925036,0.7550304878049103
G:\My Drive\CAD Repository\Washers\STEP,235817b3-166a-44ba-9ec5-9f9f4ea1b769.stp,19.07,1.6202,19.07,607.0031306801401,377.16397824016667,0.6213542553191755
G:\My Drive\CAD Repository\Washers\STEP,e84a8134-9eba-4051-b5ed-bf3bdda565ad.stp,127.02,6.852600000000001,127.02,19868.63363976176,52743.37943186982,2.6546052631580084
G:\My Drive\CAD Repository\Washers\STEP,d4f521f4-18af-4a6b-9acd-3d0a37843519.stp,127.02,6.852600000000001,127.02,21252.451765177022,57936.5737143924,2.726112467142438
G:\My Drive\CAD Repository\Washers\STEP,eff54025-4ac1-475b-8f1c-e9c51482bcc8.stp,114.32000000000001,7.9575,114.32000000000001,18051.45394284836,53731.28087676184,2.976562500000126
G:\My Drive\CAD Repository\Washers\STEP,e4547661-f356-47ea-8cf2-06ad8af07c59.stp,114.32000000000001,6.242999999999999,114.32000000000001,18219.300795299405,46066.87501041113,2.5284655831741043
G:\My Drive\CAD Repository\Washers\STEP,70e43a66-726d-4085-a5e9-8f3c2e2e4210.stp,101.62,4.7698,101.62,13959.917726005835,27640.12500624668,1.979963317029876
G:\My Drive\CAD Repository\Washers\STEP,7f1c2e99-fc6f-4b29-b931-db72bebe9e01.stp,88.92000000000002,3.5760000000000005,88.92000000000002,10594.256187609817,16156.58521476217,1.5250325203252686
G:\My Drive\CAD Repository\Washers\STEP,857079e1-7464-4587-bce8-f397b3332482.stp,82.57000000000002,3.5760000000000005,82.57000000000002,9597.05586874594,14635.822299216037,1.5250325203252693
G:\My Drive\CAD Repository\Washers\STEP,b03815a1-fe74-4d01-af5f-f6f37248c9cc.stp,82.57000000000002,3.5760000000000005,82.57000000000002,9771.853734395248,14977.893051513362,1.5327586206897212
G:\My Drive\CAD Repository\Washers\STEP,01e84965-da62-4876-9a9e-061485dfc6b0.stp,69.87,3.1950000000000003,69.87,6948.637753597467,9397.229845886739,1.3523844786730435
G:\My Drive\CAD Repository\Washers\STEP,cbad5d5b-e810-464e-b645-9c801aa0600e.stp,63.519999999999996,3.1950000000000003,63.519999999999996,5837.934959415749,7784.411609136775,1.3334186939821313
G:\My Drive\CAD Repository\Washers\STEP,d42e171f-0d24-4210-9ed2-01a3a0556005.stp,50.82,3.1950000000000003,50.82,3686.4550031677736,4620.7137911130385,1.2534301346801888
G:\My Drive\CAD Repository\Washers\STEP,f6d26d30-b5bc-4afd-959e-4d6d1bad1d3a.stp,50.82,2.7885999999999997,50.82,3811.088828386427,4377.174266854659,1.1485364062500498
G:\My Drive\CAD Repository\Washers\STEP,2d118603-a83b-42f2-9327-bef8166a320c.stp,44.47,2.7885999999999997,44.47,3001.402706067289,3371.316242661384,1.1232468858131968
G:\My Drive\CAD Repository\Washers\STEP,02a98ef4-1d40-43e0-b0f5-1ca62b210e8d.stp,38.12,2.0012,38.12,2146.396666817669,1783.5651621668758,0.8309578512397052
G:\My Drive\CAD Repository\Washers\STEP,0064abd5-8707-41e3-9083-d1e8d0b12083.stp,26.994799999999998,1.671,26.994799999999998,1020.4683263040329,664.039016332546,0.650719869706868
G:\My Drive\CAD Repository\Washers\STEP,a8098c2f-a7d0-4f7f-955a-e0a7eda085ee.stp,31.769999999999996,1.5948000000000002,31.769999999999996,1521.5239901796767,1021.822662769577,0.6715784104389376
G:\My Drive\CAD Repository\Washers\STEP,44e1c6a0-928c-485e-a756-aef7e11c1535.stp,28.595,1.5948000000000002,28.595,1233.452680993084,810.4311089903171,0.6570427236315368
G:\My Drive\CAD Repository\Washers\STEP,48ce8118-2ace-4998-b4dd-12758f1ea914.stp,22.244999999999997,1.29,22.244999999999997,738.667015463792,386.61883516758996,0.5234007029877202
G:\My Drive\CAD Repository\Washers\STEP,15e0d743-aaed-47f2-9411-91db41458151.stp,19.07,1.29,19.07,560.9900379182544,285.82775034725574,0.5095059288537769
G:\My Drive\CAD Repository\Washers\STEP,c6590d89-b99e-4d9f-91c5-f79669a9f7e9.stp,15.895,1.29,15.895,407.6603547433516,200.56154930212062,0.49198198198200316
G:\My Drive\CAD Repository\Washers\STEP,9961242d-450e-4b1e-a905-3b5cb6a3058a.stp,12.72,1.163,12.72,264.8093822361851,113.0788131409111,0.4270196629213666
G:\My Drive\CAD Repository\Washers\STEP,86cf84e2-bb74-4b98-9c74-7761a897bbc1.stp,11.145199999999999,0.8455,11.145199999999999,194.8796964608976,63.00866585948717,0.3233208333333472
G:\My Drive\CAD Repository\Washers\STEP,6957f979-4959-4ece-85c2-f4f6bc9c4f0b.stp,9.545,0.8455,9.545,148.56257921155355,46.447009431429045,0.3126427238806104
G:\My Drive\CAD Repository\Washers\STEP,fbf18376-587c-4f04-99df-0c14ad600917.stp,7.9448,0.8455,7.9448,104.81548229619197,30.538299047827127,0.29135294117648314
G:\My Drive\CAD Repository\Washers\STEP,93b78888-3a14-40b8-9ae2-635c8521b6f4.stp,7.157400000000001,0.8455,7.157400000000001,87.67052803344907,24.71239737762474,0.2818780487804999
G:\My Drive\CAD Repository\Washers\STEP,3835204f-6d14-43d4-b8c7-0809919f023f.stp,7.9448,0.8455,7.9448,111.60130885626567,34.181997313847596,0.3062867063492195
G:\My Drive\CAD Repository\Washers\STEP,553af243-2eb7-4fe1-9fa1-4b09f29cbccf.stp,6.37,0.655,6.37,69.48885026847265,16.28713143661771,0.23438481675393674
G:\My Drive\CAD Repository\Washers\STEP,c52c0b7e-4b20-4dc0-9ed1-000173a07eaa.stp,6.37,0.655,6.37,71.81463759753015,17.2668883505137,0.2404368932038939
G:\My Drive\CAD Repository\Washers\STEP,8b01e9e7-c5a4-4324-9bf4-daef0703e35d.stp,3.9823999999999997,0.401,3.9823999999999997,25.351588594206003,3.4626443364804738,0.1365849056603832
G:\My Drive\CAD Repository\Washers\STEP,c9451a83-9f65-43d0-83b9-18f64773ad03.stp,3.1950000000000003,0.38830000000000003,3.1950000000000003,17.434790940786698,2.1985745147825932,0.1261027173913098
G:\My Drive\CAD Repository\Washers\STEP,1b4a1fa2-1d2f-4f2e-b551-fe90ec9fa13f.stp,2.7885999999999997,0.401,2.7885999999999997,14.340835073417383,1.8110541101986695,0.126286516853938
G:\My Drive\CAD Repository\Washers\STEP,0d911dd6-8583-4419-b6bc-d846f8870bd9.stp,2.0012,0.401,2.0012,8.131641624556643,0.8656610841201184,0.10645588235294573
G:\My Drive\CAD Repository\Washers\STEP,8a55e7e1-7776-4296-b0b9-4b42e30a45f9.stp,127.02,6.852600000000001,127.02,19868.63363976176,52743.37943186982,2.6546052631580084
G:\My Drive\CAD Repository\Washers\STEP,f39c4cbd-12b0-4ccb-9146-3626820247bb.stp,127.02,6.852600000000001,127.02,21252.451765177022,57936.5737143924,2.726112467142438
G:\My Drive\CAD Repository\Washers\STEP,7fe63fad-caa5-4ac8-9d88-1d55c711ea0e.stp,114.32000000000001,6.242999999999999,114.32000000000001,17076.675429934545,42125.324207381294,2.4668340380550737
G:\My Drive\CAD Repository\Washers\STEP,7c2b3e60-2a99-4247-bb8d-d7d22ebe0730.stp,114.32000000000001,6.242999999999999,114.32000000000001,18219.300795299405,46066.87501041113,2.5284655831741043
G:\My Drive\CAD Repository\Washers\STEP,22e1260d-f643-4d22-80f2-64078852a1a6.stp,101.62,4.7698,101.62,13959.917726005835,27640.12500624668,1.979963317029876
G:\My Drive\CAD Repository\Washers\STEP,158d3073-9533-401a-aae4-b8c7d9991c77.stp,88.92000000000002,3.5760000000000005,88.92000000000002,10594.256187609817,16156.58521476217,1.5250325203252686
G:\My Drive\CAD Repository\Washers\STEP,99a686d5-edf7-48bc-81fa-47531924752e.stp,76.22,3.5760000000000005,76.22,7942.655949492608,11820.428868480438,1.488221187427305
G:\My Drive\CAD Repository\Washers\STEP,fd1e27e9-f1d8-489e-ac75-8e44a70deb4f.stp,69.87,3.5760000000000005,69.87,6589.730765662961,9572.337664501018,1.4526143790850294
G:\My Drive\CAD Repository\Washers\STEP,c9f08dbf-f81f-4685-8aa0-67d223ed5ef6.stp,69.87,3.1950000000000003,69.87,6948.637753597467,9397.229845886739,1.3523844786730435
G:\My Drive\CAD Repository\Washers\STEP,6bf54d98-42f0-4f4b-8103-592badffb157.stp,63.519999999999996,3.1950000000000003,63.519999999999996,5837.934959415749,7784.411609136775,1.3334186939821313
G:\My Drive\CAD Repository\Washers\STEP,b11d703e-8ebd-458b-8862-746f50d3d132.stp,50.82,3.1950000000000003,50.82,3686.4550031677736,4620.7137911130385,1.2534301346801888
G:\My Drive\CAD Repository\Washers\STEP,28096f91-efd6-4385-9ff9-cca7695e7930.stp,50.82,2.687,50.82,3787.2695232090123,4216.5440185297175,1.1133466981132556
G:\My Drive\CAD Repository\Washers\STEP,b7d03a8f-649d-4451-b95f-565d8dd70f2f.stp,38.12,1.925,38.12,1963.446891244643,1535.42484101491,0.7820047732697233
G:\My Drive\CAD Repository\Washers\STEP,fe8713a3-b065-4fd7-a224-9d14fb0d2859.stp,38.12,2.0012,38.12,2146.396666817669,1783.5651621668758,0.8309578512397052
G:\My Drive\CAD Repository\Washers\STEP,e3f3463c-319c-439c-8324-f55c4707a6a9.stp,26.994799999999998,1.798,26.994799999999998,1037.0883316184309,715.1189406658187,0.6895448717949011
G:\My Drive\CAD Repository\Washers\STEP,efd2f42e-8b1e-4904-9305-7db6cde23f27.stp,31.769999999999996,1.5948000000000002,31.769999999999996,1521.5239901796767,1021.822662769577,0.6715784104389376
G:\My Drive\CAD Repository\Washers\STEP,4c1b8ef6-87ef-45b6-8c9c-0414903668e3.stp,28.595,1.5948000000000002,28.595,1233.452680993084,810.4311089903171,0.6570427236315368
G:\My Drive\CAD Repository\Washers\STEP,0f7afc41-f8d8-4ca2-b8d1-9d56af56f0fc.stp,19.07,1.29,19.07,520.149415102996,255.90414016915176,0.4919819819820033
G:\My Drive\CAD Repository\Washers\STEP,31a50ea1-5a1a-4b40-a5ff-4dbbe8dcb7f6.stp,19.07,1.29,19.07,560.9900379182544,285.82775034725574,0.5095059288537769
G:\My Drive\CAD Repository\Washers\STEP,08c9b0cd-69fc-442c-af16-ebad78418cd6.stp,15.895,1.29,15.895,407.6603547433516,200.56154930212062,0.49198198198200316
G:\My Drive\CAD Repository\Washers\STEP,025c4bce-ffcf-4e63-aec9-4e38033e9d39.stp,12.72,1.036,12.72,257.3709164430338,100.51450056969874,0.3905433526011728
G:\My Drive\CAD Repository\Washers\STEP,d39be46f-3ff2-4fcd-a81e-7e79ef89bd10.stp,11.145199999999999,0.8074000000000001,11.145199999999999,192.93089949628865,60.1005735890493,0.31151346801348134
G:\My Drive\CAD Repository\Washers\STEP,fe443d64-b5d6-4751-a211-efd142bf4fde.stp,9.545,0.8074000000000001,9.545,146.32394556890083,44.02720612724799,0.3008885931559064
G:\My Drive\CAD Repository\Washers\STEP,c852a5ed-8ed9-471d-9c8a-ce48b2bd4543.stp,7.9448,0.8074000000000001,7.9448,103.39264769488621,29.128839091773564,0.28173027522936983
G:\My Drive\CAD Repository\Washers\STEP,5447aa9a-ca73-4147-b622-d1cd0ee8a6f1.stp,7.157400000000001,0.8328000000000001,7.157400000000001,87.2428669210908,24.332206648738214,0.2789019607843257
G:\My Drive\CAD Repository\Washers\STEP,021ac0ac-0935-4521-aae8-5fdf0fcf9cf2.stp,7.9448,0.8074000000000001,7.9448,110.27272184607205,32.60436666859308,0.29567028112451055
G:\My Drive\CAD Repository\Washers\STEP,d204f6b0-eb49-4fe3-8a14-3ec95457b86f.stp,6.37,0.655,6.37,69.48885026847265,16.28713143661771,0.23438481675393674
G:\My Drive\CAD Repository\Washers\STEP,731d2542-0e41-4088-bd0c-2fdc4a7c144e.stp,6.37,0.655,6.37,71.81463759753015,17.2668883505137,0.2404368932038939
G:\My Drive\CAD Repository\Washers\STEP,1dd456a3-27ab-470d-b04f-8e4432e383e4.stp,3.9823999999999997,0.401,3.9823999999999997,25.351588594206003,3.4626443364804738,0.1365849056603832
G:\My Drive\CAD Repository\Washers\STEP,3082ad42-6053-4d18-b7f9-3ae54cfaa30b.stp,3.9823999999999997,0.655,3.9823999999999997,31.8131223676573,6.593490535158144,0.2072569444444533
G:\My Drive\CAD Repository\Washers\STEP,aaaa6b45-edc9-4678-a207-1b074bcf0de1.stp,2.7885999999999997,0.401,2.7885999999999997,14.340835073417383,1.8110541101986695,0.126286516853938
G:\My Drive\CAD Repository\Washers\STEP,de2b42db-a381-4a64-9f56-fa85b4c58da6.stp,2.0012,0.401,2.0012,8.131641624556643,0.8656610841201184,0.10645588235294573
